text,label;
Berdasarkan hasil investigasi dan analisis dapat disimpulkan bahwa penyebab terjadinya kecelakaan tunggal truk trailer tangki adalah terjadi ignition delay, udara masuk ke dalam sistem bahan bakar sehingga menghambat aliran bahan bakar. AMT2 memompa solar dari tangki dengan cara priming pump ditekan secara manual dengan tangan. Tidak dipastikannya stopper pin masuk dengan aman ke tempatnya saat mengemudi dan cab mounting rubber diganti karet sandal sehingga terdapat celah yang besar antara pengait (hook) dengan eye bolt, memperparah kegagalan operasikan cab lock lever. Truk trailer tangki mengalami goncangan luar biasa di jalan menurun yang menyebabkan kemiringan kabin, akibatnya cab lock lever posisi release dan hook terlepas dari eye bolt.,UA;
Faktor penyebab fatalitas awak truk trailer tangki adalah dampak benturan atap ke bangunan kosong rangka baja mencapai survival space ruang kemudi.,PRE;
Berdasarkan hasil investigasi dan analisis dapat disimpulkan bahwa penyebab terjadinya kecelakaan tabrakan beruntun ini adalah truk trailer tangki mengalami kegagalan pengereman terjadi karena persediaan udara tekan di tabung berada dibawah ambang batas, sehingga tidak cukup kuat untuk melakukan pengereman. Penurunan udara tekan dipicu oleh dua hal, pertama adanya kebocoran pada solenoid valve klakson tambahan dan kedua adalah travel stroke kampas rem. Resultante dua hal ini memaksa pengemudi melakukan pengereman berulang kali saat menghadapi gangguan lalu lintas karena rem tidak pakem.,PRE;
Fatalitas korban terjadi karena pengemudi mengalami kepanikan luar biasa disebabkan di depan ada beberapa kendaraan sementara muatan yang dibawanya adalah bahan yang mudah terbakar. Kondisi truk trailer tangki saat itu berada di lajur lambat, dan di sisi kiri terdapat trotoar yang cukup tinggi. Pada akhirnya pengemudi tidak mampu lagi menguasai truk trailer tangki dan menabrak beberapa kendaraan roda empat yang ada di depannya. Pengemudi secara refleks membelokkan kemudi ke arah kanan untuk terlepas dari kendaraan yang ditabraknya, namun ternyata di lajur kanan terdapat kerumunan kendaraan yang berhenti di APILL CBD sehingga tabrakan dengan kendaraan-kendaraan itu tak terelakkan lagi.,PRE;
Pembantu pengemudi mengalami tidur sesaat / microsleep saat mengemudikan bus wisata sehingga kendaraan oleng ke kiri, keluar dari badan jalan dan melaju di rumput bahu jalan. Selanjutnya bus wisata menabrak pagar pengaman jalan kemudian menabrak kerb jalan tol. Hal ini mengakibatkan ban kendaraan pecah dan bus menabrak tiang VMS (Variable Message Sign).,PRE;
Berdasarkan hasil investigasi dan analisis dapat disimpulkan bahwa penyebab terjadinya kecelakaan adalah sistem pengereman dump truck gagal untuk mempertahankan kecepatan konstan saat berjalan menuruni bukit dikarenakan kecepatan awal turunan tidak menggunakan prosedur engine braking dan exhaust brake. Namun pengemudi melakukan pengereman panjang dengan menggunakan service brake yang menyebabkan kampas mengalami overheat dan berakhir pada fenomena brakefading.,PRE;
Berdasarkan hasil investigasi dan analisis dapat disimpulkan bahwa penyebab terjadinya kecelakaan adalah sistem pengereman dump truck gagal untuk mempertahankan kecepatan konstan saat berjalan menuruni bukit dikarenakan kecepatan awal turunan tidak menggunakan prosedur engine braking dan exhaust brake. Namun pengemudi melakukan pengereman panjang dengan menggunakan service brake yang menyebabkan kampas mengalami overheat dan berakhir pada fenomena brakefading.,UA;
Penyebab terjadinya peningkatan fatalitas korban adalah peruntukkan dump truck yang seharusnya digunakan untuk mengangkut barang namun digunakan untuk mengangkut orang mengakibatkan tidak ada survival space bagi penumpang sehingga saat terjadi kecelakaan, para penumpang terlempar keluar dari bak. ,UA;
Berdasarkan hasil investigasi dan analisis dapat disimpulkan bahwa penyebab terjadinya kecelakaan tabrakan beruntun adalah terjadi penurunan tekanan brake chamber ke semua roda karena jumlah udara tekan air tank berkurang. Hal ini disebabkan oleh teknik pengoperasian saat mengemudi di jalan turunan panjang tidak diawali engine brake dan exhaust brake untuk mengurangi kecepatan. Penggunaaan service brake atau rem kaki digunakan ketika putaran mesin melebihi batas aman yang diijinkan.,UA;
Berdasarkan hasil investigasi dan analisis dapat disimpulkan bahwa penyebab terjadinya kecelakaan tunggal bus wisata adalah pemakaian transmisi gigi tinggi saat melalui jalan menurun panjang menyebabkan putaran poros engkol mesin menurun, sehingga laju kapasitas pengisian udara ke dalam tabung melambat. Tindakan pengereman yang terlalu sering dengan service brake mengakibatkan udara bertekanan dalam tabung turun secara signifikan. Hal ini mengakibatkan kekuatan tekanan aktuasi brake chamber tidak mencapai gaya pengereman maksimum di setiap roda,UA;
Fatalitas korban terjadi karena tidak tersedia sabuk keselamatan di semua kursi penumpang. Akibatnya saat mobil bus tabrak lereng, penumpang terlempar ke luar dan terbentur ke dinding samping. Ujung atau tepi pecahan kaca jendela bus wisata berbentuk tajam (non safety glass). Dan material superstruktur bus wisata pada pilar yang patah berupa besi hollow dan kondisinya korosi, sehingga atap plafon kanan bus wisata runtuh menimpa sandaran kursi mencapai survival space.,PRE;
Fatalitas korban terjadi karena tidak tersedia sabuk keselamatan di semua kursi penumpang. Akibatnya saat mobil bus tabrak lereng, penumpang terlempar ke luar dan terbentur ke dinding samping. Ujung atau tepi pecahan kaca jendela bus wisata berbentuk tajam (non safety glass). Dan material superstruktur bus wisata pada pilar yang patah berupa besi hollow dan kondisinya korosi, sehingga atap plafon kanan bus wisata runtuh menimpa sandaran kursi mencapai survival space.,UA;
"Berdasarkan temuan-temuan yang didapatkan dari investigasi maka faktor-faktor yang berkontribusi terhadap terjadinya kecelakaan adalah : 1. Penggunaan gigi tinggi pada jalan menurun yang memaksa pengemudi melakukan pengereman berulang kali dan hal ini ber resiko menurunkan tekanan angin pada tabung angin rem; 2. Selain itu, kondisi kendaraan dimana celah antara kampas dengan tromol di atas ambang batas yang ditetapkan.; 3. Pada saat memasuki Simpang Muara Rapak, tekanan angin pada tabung angin rem hanya sisa 5 bar dan hal ini yang menyebabkan pengemudi tidak mampu melakukan pengereman kendaraan sehingga kecelakaan itu terjadi.,UA";
Seementara itu peningkatan fatalitas pada kecelakaan ini terjadi karena tidak tersedianya jalur penyelamat pada jalan menurun, serta penggunaan bumper depan yang terbuat dari besi sehingga meningkatkan daya rusak saat truk dimaksud menabrak kendaraan lainnya.,PRE;
Berdasarkan hasil investigasi dan analisis dapat disimpulkan bahwa penyebab terjadinya kecelakaan tabrakan beruntun adalah kurangnya waktu dan kualitas istirahat Pramudi 1, sehingga mengakibatkan terjadinya kelelahan dan microsleep saat bertugas. Tidak ditemukan adanya perlengkapan jalan yang mampu memberikan informasi baik berupa rambu-rambu lalu lintas maupun pita penggaduh, mengakibatkan Pramudi 1 kurang waspada saat mendekati Halte Cawang Ciliwung dan tidak menyadari masih terdapat Bus 2 yang berada didepannya berhenti sehingga menabraknya dari belakang.,PRE;
Penyebab terjadinya peningkatan fatalitas korban adalah korban yang berada pada bak belakang truk melompat dan terlempar keluar, sementara kondisi jalan berupa beton dan drainase terbuka yang juga terbuat dari beton rigid, lebar dan dalam. Daya dorong saat melompat dan benturan kepala dengan beton yang menyebabkan fatalitas korban.,UA;
Berdasarkan hasil investigasi dan analisis dapat disimpulkan bahwa penyebab terjadinya kecelakaan tabrakan beruntun di Turunan FO Kretek adalah Risiko FO Kretek adalah bentang menurun menuju Bumiayu yang berjarak ± 2 kilometer. Persediaan udara di tabung akan cepat berkurang karena pakai rem utama berulang-ulang. Katup buang tabung model kran, risiko terjadi kebocoran dan kehilangan udara karena tidak ada pegas pembalik sebagai pengaman. Saat persediaan udara di tabung berkurang, mengakibatkan kekuatan tekanan aktuasi fluida ke master silinder tidak mencapai gaya pengereman maksimum di setiap roda. Melebihi berat maksimum kendaraan yang diijinkan sebesar 72,6 %, tidak hanya berbahaya tetapi juga merupakan pelanggaran yang membawa berbagai risiko. Kerusakan parah yang sering terjadi pada area pengereman kendaraan termasuk efek dari kelebihan beban.,UA;
Fatalitas korban terjadi karena tipe jalan Bumiayu-Purwokerto adalah 2 lajur 2 arah tanpa median, berisiko adanya benturan antar kendaraan berlawanan arah. Tidak tersedia sabuk keselamatan di kursi pengemudi berkontribusi terlemparnya pengemudi keluar kabin pada tabrakan pertama, sehingga terjadi tabrakan kedua dengan truk dan sepeda motor.,UA;
Fatalitas korban terjadi karena tipe jalan Bumiayu-Purwokerto adalah 2 lajur 2 arah tanpa median, berisiko adanya benturan antar kendaraan berlawanan arah. Tidak tersedia sabuk keselamatan di kursi pengemudi berkontribusi terlemparnya pengemudi keluar kabin pada tabrakan pertama, sehingga terjadi tabrakan kedua dengan truk dan sepeda motor.,PRE;
Pengemudi bus mengemudikan kendaraan dengan kecepatan 122 km/jam sehingga kurang dapat mengantisipasi truk box yang tiba-tiba masuk ke lajur sebelah kanan untuk mendahului kendaraan yang berada di depannya. Selanjutnya saat terjadi step steeering input mobil bus ke arah kiri, truk box kembali ke lajur kiri karena mendengar suara klakson bus. Sehingga bagian depan sebelah kanan bus membentur bagian belakang dan sebelah kiri atas truk box. Bus menabrak pagar pengaman (guardrail) agar tidak ada korban di sisi sebelah kiri, kembali terjadi step steering input mobil bus ke sebelah kanan. Selanjutnya bus oleng kemudian terguling di lajur 1 (satu) dan terseret sejauh 50 meter. Bus berhenti dalam posisi bagian sebelah kanan berada di atas. Hal ini ditunjukkan dengan skidmark yang ditemukan di lokasi kejadian.,UA;
Fatalitas korban terjadi karena kursi penumpang tidak dilengkapi dengan sabuk keselamatan. Pada saat bus terguling, para penumpang terbentur kompartemen kabin dan beberapa penumpang terlempar keluar bus kemudian tertimpa bodi bus.,PRE;
Berdasarkan hasil investigasi dan analisis dapat disimpulkan bahwa penyebab truk tronton meluncur tak terkendali di bentang menurun dan terjadi tabrakan beruntun adalah gagalnya perlambatan dikarenakan kondisi jalan turunan panjang dan curam yang cenderung memaksa pengguna jalan untuk melakukan pengereman menggunakan rem utama berkali-kali, tanpa diawali teknik pengereman mesin (engine braking),UA;
Fatalitas tinggi pada korban kecelakaan diakibatkan oleh Pengemudi gagal membelokkan truk tronton ke jalan yang seharusnya dilewati tapi bergerak ke arah jalan lurus yang lalu lintasnya lebih ramai.,UA;
Berdasarkan hasil investigasi dan analisis dapat disimpulkan bahwa penyebab terjadinya kecelakaan tunggal mobil bus B 7314 NGA terguling di Tikungan Harmoko adalah karakteristik tikungan yang tajam dan ganda dengan kondisi kabut tebal serta terhalang oleh pepohonan dari arah Jambi membuat jarak pandang pendek. Pengemudi yang tidak punya pengalaman rute perjalanan dan kurangnya info cuaca, berisiko gagal menghadapi berbagai jenis ancaman yang disebabkan oleh kondisi jalan dan lingkungan. Seharusnya menunda melanjutkan perjalanan atau melakukan tindakan penyelamatan yaitu saat melewati Tikungan Harmoko mengurangi kecepatan memakai engine brake dan exhause brake,PRE;
Berdasarkan hasil investigasi dan analisis dapat disimpulkan bahwa penyebab terjadinya kecelakaan tunggal mobil bus B 7314 NGA terguling di Tikungan Harmoko adalah karakteristik tikungan yang tajam dan ganda dengan kondisi kabut tebal serta terhalang oleh pepohonan dari arah Jambi membuat jarak pandang pendek. Pengemudi yang tidak punya pengalaman rute perjalanan dan kurangnya info cuaca, berisiko gagal menghadapi berbagai jenis ancaman yang disebabkan oleh kondisi jalan dan lingkungan. Seharusnya menunda melanjutkan perjalanan atau melakukan tindakan penyelamatan yaitu saat melewati Tikungan Harmoko mengurangi kecepatan memakai engine brake dan exhause brake,UA;
Fatalitas korban terjadi karena ketersediaan sabuk keselamatan di semua kursi penumpang, tidak dipakai kebanyakan penumpang. Akibatnya saat mobil bus terguling, penumpang di kursi sebelah kanan menimpa penumpang di kursi sebelah kiri mendorong ke dinding samping yang berisiko cedera pada kepala dan rusuk.,UA;
Berdasarkan hasil investigasi dan analisis dapat disimpulkan bahwa penyebab terjadinya kecelakaan tunggal jatuh ke jurang adalah bus wisata datang dari arah Malangbong melewati Jalan Raya Malangbong-Wado dengan medan pegunungan yang berkelok-kelok, tanjakan dan turunan panjang tanpa diawali penggunaan remmesin (engine brake) dan exhaust brake untuk mengurangi kecepatan, pengemudi tidak mengetahui ada tikungan yang terdapat halangan yang membahayakan, berupa penghalang pandangan lereng dan pepohonan. Akibatnya mobil bus bergerak lurus mendekati jurang dan terguling tiga kali.,UA;
Fatalitas korban terjadi karena bus wisata tidak terpasang sabuk keselamatan pada semua tempat duduk terkecuali hanya di kursi pengemudi. Hal ini berkontribusi karena saat bus wisata jatuh ke jurang, banyak penumpang terbentur kompartemen kabin dan terlempar ke luar saat jendela pecah kemudian tertimpa bodi bus yang terguling,PRE;
Fatalitas tinggi pada korban kecelakaan diakibatkan oleh tidak adanya Airbag, zona tabrakan tidak tepat mengenai Crash Protection Box, serta penumpang yang tidak menggunakan sabuk keselamatan.,PRE;
Fatalitas tinggi pada korban kecelakaan diakibatkan oleh tidak adanya Airbag, zona tabrakan tidak tepat mengenai Crash Protection Box, serta penumpang yang tidak menggunakan sabuk keselamatan.,UA;
Penggunaan perseneleng dan kecepatan kendaraan yang kurang tepat di jalur turunan panjang Bawen dimana seharusnya mengunakan gigi rendah dan dibantu engine brake. Material pipa/selang udara dari tabung yang menghubungkan ke master sentral/servo kondisi materialnya tidak original hal tersebut dibuktikan terjadi puntiran pipa yang dapat mengakibatkan mengecilnya diameter pipa saluran udara sehingga kapasitas udara untuk mendorong servo ke master sentral menjadi berkurang.,UA;
Berdasarkan hasil investigasi dan analisis dapat disimpulkan bahwa penyebab terjadinya kebakaran mobil bus adalah kotak sekring utama dipakai menyimpan barang berupa kertas, plastik dan lainnya. Risiko kabel yang terkelupas atau soket relay rusak/hangus bercampur dengan bahan yang mudah terbakar.,UA;
Berdasarkan hasil investigasi dan analisis dapat disimpulkan bahwa penyebab terjadinya kecelakaan tabrakan beruntun adalah gagalnya perlambatan di jalan turunan panjang dan curam karena pengemudi tidak dapat melihat potensi bahaya yaitu melakukan pengereman menggunakan rem utama berkali-kali, tanpa diawali teknik engine braking dan exhaust brake serta kecepatan perputaran mesin di 2500 RPMdianggap over speed. Akibatnya persediaan udara di tangki menipis dan fluida yang mendorong master cylinder tidak optimal.,UA;
Dari hasil Investigasi, penyebab terjadinya kecelakaan adalah kurangnya situational awareness yang dimiliki oleh pengemudi truk tronton dan pengemudi truk trailer sehingga lampu isyarat peringatan bahaya atau lampu isyarat lain yang seharusnya dinyalakan pada saat berhenti atau parkir dalam keadaan darurat di jalan sesuai pasal 121 UU 22 Tahun 2009 tentang LLAJ.,PRE;
Dari hasil Investigasi, penyebab terjadinya kecelakaan adalah kurangnya situational awareness yang dimiliki oleh pengemudi truk tronton dan pengemudi truk trailer sehingga lampu isyarat peringatan bahaya atau lampu isyarat lain yang seharusnya dinyalakan pada saat berhenti atau parkir dalam keadaan darurat di jalan sesuai pasal 121 UU 22 Tahun 2009 tentang LLAJ.,UA;
Fatalitas tinggi pada korban kecelakaan diakibatkan zona tabrakan tidak tepat mengenai Crash Protection Box serta penumpang yang tidak menggunakan sabuk keselamatan. Sabuk keselamatan yang tidak tergunakan, dan muatan pompa dan sepeda motor yang bermaterial besi yang seharusnya diangkut terpisah dari kendaraan angkutan penumpang,UA;
Berdasarkan hasil investigasi dan analisis dapat disimpulkan bahwa penyebab terjadinya kecelakaan adalah merupakan kombinasi penyebab primer dan sekunder. Untuk penyebab primer adalah mobil bus berukuran besar dan memiliki kapasitas tempat duduk lebih dari 30 orang yang sedang menuju kawasan wisata Dieng dapat melewati posko pengawasan dan retribusi hingga tiba di kawasan Dieng. Untuk penyebab sekunder adalah pengemudi yang tidak memiliki pengalaman cukup dalam melewati rute Kejajar-Dieng dan tatacara mengemudi yang benar ketika melalui jalan menurun panjang tidak dilakukan menyebabkan bus tidak dapat dikendalikan dan terjadi tabrakan beruntun.,UA;
Berdasarkan hasil investigasi dan analisis dapat disimpulkan bahwa penyebab terjadinya kecelakaan tabrak belakang adalah Mobil bus mendahului kendaraan lain ke sebelah kiri pada titik yang tidak terlihat (blinspot), mobil bus langsung tabrak belakang truk tronton (yang terparkir lama ± 12 jam) di bahu jalan sehingga merobek kabin penumpang dan menghantam penumpang yang berada di sisi kiri.,UA;
Fatalitas korban terjadi karena tidak adanya Rear Underride Protection Device (RUPD) di truk tronton untuk melindungi tabrakan antara mobil kecil dan truk bagian belakang.,PRE;
Dari hasil investigasi dapat disimpulkan bahwa kecelakaan disebabkan oleh faktor pengemudi yang kelelahan dan terjadinya microsleep, sehingga kehilangan kendali dalam mengemudi karena kekurangwaspadaan dan keluar dari jalur lalu lintas.,PRE;
Microbus keluar jalur dan masuk kearah berlawanan dan superstructure microbus belum mampu untuk menahan ketika mengalami benturan, serta tidak digunakannya sabuk keselamatan di kursi penumpang.,PRE;
Microbus keluar jalur dan masuk kearah berlawanan dan superstructure microbus belum mampu untuk menahan ketika mengalami benturan, serta tidak digunakannya sabuk keselamatan di kursi penumpang.,UA;
Penyebab terjadinya kecelakaan adalah system rem tidak optimal beroperasi dikarenakan supply udara tekan dari kompresor ke air dryer terganggu akibat conecting hose aus/longgar dan diikat karet.,UA;
Pada Superstructure mobil bus belum mampu untuk menahan ketika mengalami benturan ketika terguling/rollover, serta tidak adanya sabuk keselamatan pada kursi penumpang.,PRE;
"Berdasarkan hasil investigasi dan analisis dapat disimpulkan bahwa penyebab terjadinya kecelakaan secara langsung merupakan kombinasi tindakan tidak berkeselamatan yang dilakukan secara bersamaan dalam satu waktu, terdiri atas : a. Selang flexible yang berada dalam kondisi getas terlepas ketika mobil tangki gagal melalui medan tanjakan yang ekstrim disebabkan penggunaan gigi transmisi yang tidak sesuai; b. Mundurnya mobil tangki yang overload tidak dapat terantisipasi oleh penggunaan rem parkir yang saat itu kinerjanya rendah; c. Mundurnya mobil tangki yang overload tidak dapat terantisipasi oleh pengganjalan roda karena tidak digunakannya ganjal ban khusus.,UA";
Berdasarkan hasil investigasi dan analisis dapat disimpulkan bahwa penyebab terjadinya kecelakaan kegagalan pengereman adalah penggunaan gigi persnelling tinggi dan kecepatan tinggi pada jalan menurun yang memaksa sistem rem utama mobil bus bekerja secara maksimal. Kondisi teknis mobil bus yang tidak prima menyebabkan terjadinya malfunction pada saat digunakan secara maksimal, hal ini ditandai dengan lepasnya selang udara yang mengakibatkan udara pada airtank kosong, kebocoran pada seal silinder roda serta terjadinya overheat pada ruang tromol yang berdampak pada menurunnya koefisien gesek (µķ) kampas terhadap tromol.,UA;
Sementara penyebab fatalitas korban adalah pagar pengaman jalan yang desain teknisnya tidak seragam. Karakteristik geometrik pada lokasi kejadian, berupa alinyemen vertikal jalan menurun panjang, alinyemen horizontal adalah tikungan ganda serta penampang melintang jalan berupa jalan dua arah dua jalur tanpa median dengan lebar jalan 7 meter. Kondisi geometrik ini akan menimbulkan gaya sentrifugal saat kendaraan berbelok ke kanan menuju jembatan (gaya yang menarik kendaraan ke arah jurang) sehingga seharusnya sudah diperhitungkan penggunaan pagar pengaman jalan dengan desain teknis yang memadai untuk dapat menyelamatkan kendaraan yang hilang kendali atau mengalami kegagalan saat akan berbelok.,PRE;
Berdasarkan hasil investigasi dan analisis dapat disimpulkan bahwa faktor penyebab terjadinya kecelakaan tabrakan beruntun di Jalan Raya Malang-Surabaya Sentul Purwodadi adalah perubahan tipe terhadap dimensi dan kemampuan daya angkut pada truk flat deck, akibatnya berat muatan melebihi daya angkut. Sistem rem menunjukan kegagalan yang berakibat tidak berfungsinya sistem rem saat dioperasikan di jalan turunan panjang, serta cara penggunaan rem utama tidak diawali engine brake dan exhaust brake untuk mengurangi kecepatan.,UA;
Berdasarkan hasil investigasi dan analisis dapat disimpulkan bahwa faktor penyebab terjadinya kecelakaan tabrakan beruntun di Jalan Raya Malang-Surabaya Sentul Purwodadi adalah perubahan tipe terhadap dimensi dan kemampuan daya angkut pada truk flat deck, akibatnya berat muatan melebihi daya angkut. Sistem rem menunjukan kegagalan yang berakibat tidak berfungsinya sistem rem saat dioperasikan di jalan turunan panjang, serta cara penggunaan rem utama tidak diawali engine brake dan exhaust brake untuk mengurangi kecepatan.,PRE;
Fatalitas korban terjadi karena lebar jalan sekitar 5 meter sehingga saat satu kendaraan putar arah ke jalur menuju Malang, maka manuver akan memakai lajur kiri. Akibatnya terjadi antrian kendaraan di lajur kiri sampai dengan manuver kendaraan putar arah berhasil. Hal ini berisiko tinggi, ketika di jalan nasional dengan kondisi jalanan turunan panjang lurus terdapat hambatan-hambatan dan menjadi bahaya pada saat keadaan darurat.,PRE;
Dari hasil investigasi dapat disimpulkan bahwa kecelakaan disebabkan oleh tata cara berkendara pengemudi truk trailer yang menggunakan lajur 2 (dua).,UA;
Berdasarkan hasil investigasi dan analisis dapat disimpulkan bahwa penyebab terjadinya kecelakaan adalah Pengemudi pertama mobil bus AKAP tidak dapat mengantisipasi hal yang akan terjadi dengan menggunakan persneling gigi kelima (kecepatan diatas 70 km/jam) di geometrik jalan menikung ke kiri dan menanjak. Adanya perbedaan ketinggian antara badan jalan dengan bahu jalan serta terbatasnya pandangan pengemudi menjadi faktor berkontribusi juga pada kecelakaan ini. Akibatnya setelah melewati jembatan Way Capang di Way Tuba, mobil bus AKAP gagal di tikungan dan terguling mengakibatkan atap mobil bus AKAP menabrak truk tangki CPO yang datang dari arah berlawanan.,PRE;
Berdasarkan hasil investigasi dan analisis dapat disimpulkan bahwa penyebab terjadinya kecelakaan adalah Pengemudi pertama mobil bus AKAP tidak dapat mengantisipasi hal yang akan terjadi dengan menggunakan persneling gigi kelima (kecepatan diatas 70 km/jam) di geometrik jalan menikung ke kiri dan menanjak. Adanya perbedaan ketinggian antara badan jalan dengan bahu jalan serta terbatasnya pandangan pengemudi menjadi faktor berkontribusi juga pada kecelakaan ini. Akibatnya setelah melewati jembatan Way Capang di Way Tuba, mobil bus AKAP gagal di tikungan dan terguling mengakibatkan atap mobil bus AKAP menabrak truk tangki CPO yang datang dari arah berlawanan.,UA;
Fatalitas korban terjadi karena dampak kerusakan akibat benturan yaitu deformasi pada bagian atap mobil bus mengakibatkan penumpang di belakang pengemudi mengalami kematian dan cedera berat. Hal ini dikarenakan kecepatan secara langsung terkait dengan keparahan cedera dalam kecelakaan. Probabilitas cedera parah meningkat tajam dengan dampak kecepatan kendaraan dalam tabrakan. Survival space sudah tidak ada saat superstruktur bagian atap tidak dapat menahan beban ketika terjadi benturan dengan bagian depan truk tangki CPO.,PRE;
Penyebab terjadinya kecelakaan pada dump truck A dan B adalah kebijakan mengenai pemberian waktu pemotongan bak overdimension yang dilakukan dalam waktu 6 bulan mengakibatkan dump truck A dan B yang overdimension lolos uji dan mengalami overload sehingga terjadi kegagalan pengereman saat menuruni turunan panjang di Tol Cipularang KM 90-100,UA;
Penyebab terjadinya fatalitas peristiwa kecelakaan ini disebabkan dua hal yakni tidak digunakannya sabuk keselamatan pada dump truck B mengakibatkan pengemudi terlempar dan tergencet sisi kanan dump truck dan kecepatan dump truck A yang diatas 100 km/jam mengakibatkan dump truck A yang overload memiliki momentum yang besar sehingga menghancurkan kendaraan-kendaraan yang sedang berhenti.,UA;
Berdasarkan hasil investigasi dan analisis dapat disimpulkan bahwa penyebab terjadinya kecelakaan adalah perubahan sudut kemudi yang cepat (step steering input) mobil penumpang mengarah ke kiri dari lajur 3 menuju lajur 2 tepat pada sisi kanan truk trailer tangki, truk trailer tangki menghindar ke kiri. Kedua kendaraan kehilangan kendali, kemudian mengarah ke kiri pada lajur 1 dan menabrak pagar pengaman jalan. Panas dari manhole dan bottom loading cabinet terbakar, mengakibatkan logam tangki melunak dan uap bensin dalam tangki mengembang sehingga tekanan meningkat. Setelah mengembang, uapnya menyulut dan menyebabkan reaksi ledakan. Ledakan ini dapat merobek tangki dan menimbulkan gaya dorong pada kedua kendaraan sehingga melambung, dan saat mendarat fifth wheel tractor head patah sehingga jatuh ke bawah jalan layang. Sedangkan posisi akhir dari trailer tangki dan mobil penumpang terdorong sejauh 30 meter dari posisi awal kedua kendaraan menabrak pagar pengaman. Ledakan itu sendiri menghasilkan panas untuk menguapkan bahan bakar dan menyediakan sumber pengapian untuk uap baru yang dihasilkan sehingga kebakaran di trailer tangki dan mobil penumpang terjadi.,UA;
Fatalitas korban terjadi karena gaya yang terjadi saat kecelakaan adalah sebesar 69 KN. Hal ini berarti gaya dorong yang diterima oleh AMT saat benturan adalah lebih dari 10 kali lipat dari nilai kritis pada Neck Injury Criteria, sehingga berdasarkan analisis biomekanik cedera tersebut mengakibatkan AMT tidak sadarkan diri bahkan meninggal seketika. Temuan di mobil penumpang, pengikat sabuk keselamatan terpasang pada pengunci sabuk di kursi pengemudi mobil penumpang. Ini dapat menjadi bukti bahwa pengemudi mobil penumpang memakai sabuk keselamatan. Skid mark mobil penumpang yang ditemukan pada lokasi kecelakaan, telah terjadi step steering input atau perubahan sudut kemudi seketika dengan kecepatan yang tetap. Hal ini mengindikasikan bahwa pengemudi mobil penumpang mengalami kehilangan kesadaran ataupun microsleep (kecelakaan terjadi pada dini hari).,PRE;
"Berdasarkan hasil investigasi dan analisis dapat disimpulkan bahwa penyebab terjadinya kecelakaan adalah secara langsung merupakan kombinasi tindakan tidak berkeselamatan yang dilakukan secara bersamaan dalam satu waktu, terdiri atas : a. Kekurangwaspadaan pengguna jalan ketika melintasi perlintasan sebidang yang diindikasikan dengan mengindahkan tanda rambu STOP dan juga peringatan penjaga pintu perlintasan ketika palang pintu dalam kondisi hendak ditutup; b. Tindakan reaksi yang kurang tepat dalam mengatasi kendaraan yang terlanjur berhenti di perlintasan sebidang dimana dapat menyelamatkan jiwa dengan dua hal yakni mengeluarkan paksa penumpang dari dalammobil atau menghentikan laju kereta dengan berlari mendekati ke arah kereta sembari memberikan tanda isyarat agar kereta berhenti; c. Ketidakmampuan pengendalian kendaraan yang disebabkan oleh jalan di perlintasan sebidang yang tidak memenuhi syarat geometrik dan struktur dimana kemiringan jalan serta struktur jalan berbatu tidak memenuhi standar jalan berkeselamatan;,UA";
"Berdasarkan hasil investigasi dan analisis dapat disimpulkan bahwa penyebab terjadinya kecelakaan adalah secara langsung merupakan kombinasi tindakan tidak berkeselamatan yang dilakukan secara bersamaan dalam satu waktu, terdiri atas : a. Kekurangwaspadaan pengguna jalan ketika melintasi perlintasan sebidang yang diindikasikan dengan mengindahkan tanda rambu STOP dan juga peringatan penjaga pintu perlintasan ketika palang pintu dalam kondisi hendak ditutup; b. Tindakan reaksi yang kurang tepat dalam mengatasi kendaraan yang terlanjur berhenti di perlintasan sebidang dimana dapat menyelamatkan jiwa dengan dua hal yakni mengeluarkan paksa penumpang dari dalammobil atau menghentikan laju kereta dengan berlari mendekati ke arah kereta sembari memberikan tanda isyarat agar kereta berhenti; c. Ketidakmampuan pengendalian kendaraan yang disebabkan oleh jalan di perlintasan sebidang yang tidak memenuhi syarat geometrik dan struktur dimana kemiringan jalan serta struktur jalan berbatu tidak memenuhi standar jalan berkeselamatan;,PRE";
Berdasarkan temuan terhadap terjadinya kecelakaan dapat disimpulkan bahwa terjadinya tingkat fatalitas kecelakaan tinggi yang mengakibatkan 8 orang penumpang meninggal dunia adalah karena tidak digunakannya sabuk keselamatan yang telah tersedia di masing-masing kursi penumpang. Selain itu, tindakan pengereman secara full service yang terlambat dilakukan mengakibatkan terlalu besarnya pengurangan survival space serta terlemparnya penumpang dengan kecepatan tinggi.,UA;
Berdasarkan hasil investigasi dan analisis dapat disimpulkan bahwa penyebab terjadinya kecelakaan tabrakan beruntun adalah Pengemudi tidak mampu menguasai kendaraannya disebabkan karena adanya interaksi langsung penumpang dengan pengemudi yang mengganggu konsentrasi pengemudi. Akibatnya pengemudi kehilangan kendali atas kemudi sehingga arah mobil bus berbelok menuju median dan menyebrang ke jalur berlawanan sehingga terjadi tabrakan beruntun yang mengakibatkan fatalitas tinggi dan cedera berat.,UA;
Fatalitas korban terjadi karena desain median jalan Tol Cipali tanpa dilengkapi pagar pengaman dan landai kedalaman ±70 cm memungkinkan kendaraan masuk ke jalur lalu lintas yang berlawanan. Pasca kecelakaan, kondisi kendaraan yang terlibat menunjukkan ruang kabin penumpang terdeformasi sampai ke survival space yang mengakibatkan penumpang menjadi korban meninggal dan cedera berat.,PRE;
Bad connection yang menyebabkan hubungan pendek ataupun arcing yang dipicu buruknya kondisi batere karena mekanisme pemeliharaan batere yang tidak terkontrol disamping juga terdapat instalasi, penggunaan material kabel, connector dll yang tidak sesuai dengan standar practice industry.,UA;
Berdasarkan hasil investigasi dan analisis dapat disimpulkan bahwa penyebab terjadinya kecelakaan tabrakan muka mobil Elf dengan belakang truk tronton (Rear End) adalah Pengemudi mobil Elf saat melakukan perjalanan dari Brebes ke Tanjung Priok Jakarta selama 7 jam tanpa istirahat. Di tempat tujuan beristirahat lebih dari 10 jam namun tidak diketahui kegiatannya. Perjalanan pulang ke Brebes, sebelum kecelakaan Pengemudi telah mengendarai mobil lebih dari 8 jam tanpa ada istirahat. Ketika mobil Elf melewati jalan Tol Cikopo-Palimanan di KM78+300A pengemudi telah mengalami Microsleep. Hal ini dilihat dari slipnya roda depan (side slip) mobil Elf, yaitu mobil Elf bergerak ke arah samping saat kendaraan berjalan lurus dan perlahan, kecepatan kendaraan tidak berkurang.,PRE;
Fatalitas korban terjadi karena di lokasi mobil bus terguling yaitu Jalan Raya Bypass Cicalengka adalah flyover yang melintasi dibawahnya jalan desa. Namun tepi ambang pengaman jalan tidak terpasang pagar pengaman, hanya terpasang patok dan terdapat deretan pohon besar. Super structure mobil bus tidak dapat mempertahankan survival space dan tidak terpasangnya sabuk keselamatan di semua kursi penumpang.,PRE;
Dari hasil investigasi dapat disimpulkan bahwa kecelakaan disebabkan oleh tata cara mendahului dari sisi kiri dan menggunakan bahu jalan sehingga menabrak guardrail dan masuk ke parit.,UA;
Fatalitas pada korban kecelakaan diakibatkan karena superstructure mobil bus belum mampu untuk menahan ketika mobil bus mengalami benturan sehingga atap kendaraan dan kursi kendaraan terlepas, serta tidak adanya sabuk keselamatan di kursi penumpang hingga menyebabkan penumpang terlempar saat mobil bus terguling,PRE;
Berdasarkan hasil investigasi dan analisis dapat disimpulkan bahwa penyebab truk tronton meluncur tak terkendali di bentang menurun dan terjadi tabrakan beruntun adalah gagalnya perlambatan dikarenakan kondisi jalan turunan panjang dan curam akan cenderung memaksa pengguna jalan untuk melakukan pengereman menggunakan rem utama berkalikali, tanpa diawali teknik pengereman mesin (engine braking). Akibatnya persediaan udara di tangki menipis dan fluida yang mendorong master cylinder agar kampas rem bergesekan dengan permukaan dalam tromol kurang tenaga. Perilaku kurang terampil dan tindakan berisiko tinggi justru terkadang tidak disadari, bahkan dianggap sebagai hal biasa. Pola pikir (attitude) dan kebiasaan (behaviour) ini sangat berbahaya atau bisa berakibat fatal bila tanpa didukung oleh pemahaman terhadap keselamatan. Kelebihan muatan 54% dari GVW/JBB atau 95% dari JBI, menjadi faktor yang berkontribusi juga terjadinya kecelakaan.,UA;
Berdasarkan hasil investigasi dan analisis dapat disimpulkan bahwa penyebab truk tronton meluncur tak terkendali di bentang menurun dan terjadi tabrakan beruntun adalah gagalnya perlambatan dikarenakan kondisi jalan turunan panjang dan curam akan cenderung memaksa pengguna jalan untuk melakukan pengereman menggunakan rem utama berkalikali, tanpa diawali teknik pengereman mesin (engine braking). Akibatnya persediaan udara di tangki menipis dan fluida yang mendorong master cylinder agar kampas rem bergesekan dengan permukaan dalam tromol kurang tenaga. Perilaku kurang terampil dan tindakan berisiko tinggi justru terkadang tidak disadari, bahkan dianggap sebagai hal biasa. Pola pikir (attitude) dan kebiasaan (behaviour) ini sangat berbahaya atau bisa berakibat fatal bila tanpa didukung oleh pemahaman terhadap keselamatan. Kelebihan muatan 54% dari GVW/JBB atau 95% dari JBI, menjadi faktor yang berkontribusi juga terjadinya kecelakaan.,PRE;
"Faktor manusia, dimana pengemudi tidak memiliki skill yang memadai dan pengalaman yang cukup dalam mengemudikan Mobil Bus sehingga menyebabkan ketidaksesuaian pada saat mengemudi pada medan jalan yang ekstrem;,UA";
Dari hasil investigasi dapat disimpulkan bahwa penyebab terjadinya kecelakaan adalah kegagalan sistem pengereman mobil bus menjelang lokasi terjadinya kecelakaan yang disebabkan tipisnya kampas rem dan keausan permukaan tromol. Akibatnya, mobil bus melaju dengan kecepatan tinggi ketika melalui turunan curam dan tidak mampu dibelokkan ketika melewati tikungan jembatan Sipege-Pege.,UA;
Fatalitas tinggi pada korban kecelakaan disebabkan oleh tidak terdapatnya sabuk keselamatan pada setiap kursi penumpang dan terlepasnya kursi mobil bus dari dudukannya akibat korosi parah pada mobil bus. Akibatnya, para penumpang mobil bus terlempar dari mobil bus dan jatuh ke sungai.,PRE;
Berdasarkan hasil investigasi dan analisis dapat disimpulkan bahwa penyebab terjadinya kecelakaan adalah human factor, dimana pengemudi mengalami kelelahan yang luar biasa dan menyebabkan fenomena microsleep saat mengemudikan kendaraannya di jalan tol akibat dari terlampuainya batasan waktu mengemudi sebagaimana telah diatur dalam peraturan perundangan yang ada ( UU Nomor 13 Tahun 2003 tentang Ketenagakerjaan dan UU Nomor 22 Tahun 2009 tentang LLAJ ),PRE;
Sedangkan untuk penyebab fatalitas korban adalah desain pagar pengaman jalan pada tiang tengah jembatan dan tiang PJU di jalan tol yang kurang “forgive” sehingga memungkinkan kendaraan bermotor “masuk” ke celah diantara pagar dan menabrak tiang tengah jembatan atau tiang PJU .,PRE;
Berdasarkan investigasi dapat disimpulkan bahwa penyebab terjadinya kecelakaan adalah adanya mobil penumpang yang melakukan penyiapan kendaraan lain di tikungan yang terdapat marka utuh, pengurangan kecepatan mobil bus saat kondisi kritis yang hanya menggunakan rem bantu (retarder), dan tindakan antisipasi mobil bus yang menghindari tabrakan dengan mengarahkan kendaraan ke lajur berlawanan arah. Akibatnya, mobil bus dan mobil penumpang tidak mampu mengantisipasi pergerakan masing-masing yang terjadi pada saat kondisi kritis sehingga tabrakan frontal antara keduanya tidak mampu untuk dihindari.,UA;
Kecelakaan terjadi akibat tidak adanya koordinasi antara PT. Dewi Sri Putra sebagai transpotir dengan pihak kontraktor lainnya dalam hal ini PT. Giri Bangun Sentosa dan PT. Tjakrindo terkait Standar Operasional Prosedur secara tertulis di area proyek terutama perihal keluar masuknya kendaraan yang melintasi perlintasan sebidang di area proyek. ,PRE;
Penyebab kecelakaan beruntun diawali oleh kecelakaan tunggal yaitu dump truck yang menumpahkan batu split pada badan jalan Dump truck membawa muatan berlebih sebesar 11 ton atau sekitar 91% ,UA;
Berdasarkan hasil investigasi dan analisis dapat disimpulkan bahwa penyebab mobil elf terguling adalah ketidakmampuan mengenal dan mengelola potensi bahaya dan risiko yaitu saat melewati jalan menurun panjang dan curam (menurun 5,5 % sd 15,57%) pengemudi menurunkan kecepatan dengan cara menginjak pedal rem utama terus menerus dan tidak melakukan engine breaking sehingga efek pengereman berkurang (berpotensi fenomena vapor lock). Akibatnya mobil elf terguling saat pengemudi mengaktifkan rem parkir secara penuh di tikungan gabungan balik arah.,PRE;
Berdasarkan hasil investigasi dan analisis dapat disimpulkan bahwa penyebab mobil elf terguling adalah ketidakmampuan mengenal dan mengelola potensi bahaya dan risiko yaitu saat melewati jalan menurun panjang dan curam (menurun 5,5 % sd 15,57%) pengemudi menurunkan kecepatan dengan cara menginjak pedal rem utama terus menerus dan tidak melakukan engine breaking sehingga efek pengereman berkurang (berpotensi fenomena vapor lock). Akibatnya mobil elf terguling saat pengemudi mengaktifkan rem parkir secara penuh di tikungan gabungan balik arah.,UA;
Berdasarkan hasil investigasi dan analisis dapat disimpulkan bahwa penyebab terjadinya kecelakaan adalah keputusan tetap mengoperasikan bus yang mengalami kebocoran di konektor selang udara ke rem utama belakang kanan, perbaikan tidak berkeselamatan dengan cara potong selang thermoplastic, serta kecepatan awal bus tidak dikurangi akibatnya bus meluncur tidak terkendali dan terguling di Turunan Emen,UA;
Fatalitas korban terjadi karena tidak terpasangnya sabuk keselamatan pada seluruh kursi mobil bus. Akibatnya ketika mobil bus terguling, penumpang di sebelah kiri tertimpa penumpang sebelah kanan akibatnya kaca jendela pecah dan terseret ke jalan.,PRE;
Fatalitas korban terjadi karena tidak terpasangnya sabuk keselamatan pada seluruh kursi mobil bus. Akibatnya ketika mobil bus terguling, penumpang di sebelah kiri tertimpa penumpang sebelah kanan akibatnya kaca jendela pecah dan terseret ke jalan.,UA;
Dari hasil investigasi dapat disimpulkan bahwa kecelakaan disebabkan oleh pengemudi kedua yang mengalami kelelahan. Hal ini mengakibatkan pengemudi kehilangan kendali saat mendahului kendaraan di depannya dan bertabrakan dengan mobil truk yang melaju dari arah yang berlawanan. Selain itu, penggunaan pick up tidak sesuai dengan peruntukannya.,PRE;
Dari hasil investigasi dapat disimpulkan bahwa kecelakaan disebabkan oleh pengemudi kedua yang mengalami kelelahan. Hal ini mengakibatkan pengemudi kehilangan kendali saat mendahului kendaraan di depannya dan bertabrakan dengan mobil truk yang melaju dari arah yang berlawanan. Selain itu, penggunaan pick up tidak sesuai dengan peruntukannya.,UA;
Fatalitas tinggi pada korban kecelakaan diakibatkan karena kendaraan yang digunakan bukan peruntukannya untuk mengangkut penumpang.,UA;
Dari hasil investigasi dapat disimpulkan bahwa terjadinya kecelakaan adalah disebabkan terbakarnya kampas rem akibat percikan api dan akumulasi temperatur tinggi di tromol roda kanan sumbu kedua kereta tempelan. Akumulasi temperatur terjadi karena gesekan kampas rem yang lengket akibat overheat tromol rem setelah pengoperasian kendaraan yang lebih dari 12 jam pada rit pertama serta gesekan antara paku keling dengan tromol yang terjadi pada rit kedua. Akhirnya, terbakarnya kampas rem mengakibatkan ban meletus dan terbakar karena ban tersebut mengalami pyrolysis.,UA;
Dari hasil investigasi dapat disimpulkan bahwa kecelakaan disebabkan oleh mobil bus saling mendahului dan melaju dengan kecepatan melebihi batas kecepatan maksimal dalam kota (40 km/jam) serta perawatan/perbaikan kendaraan yang tidak optimal.,UA;
Berdasarkan hasil investigasi dan analisis dapat disimpulkan bahwa penyebab terjadinya kecelakaan adalah pengemudi mobil pick up tidak mampu mengendalikan kendaraannya karena lengah yang berdampak pada perubahan arah kemudi sehingga masuk ke jalur lawan,PRE;
Sedangkan untuk penyebab fatalitas korban adalah penggunaan mobil barang untuk mengangkut penumpang tanpa dilengkapi dengan fasilitas keselamatan yang memadai berupa tempat duduk dan tempat pegangan tangan sebagaimana diatur dalam PP Nomor 74 Tahun 2014.,UA;
Kecelakaan terjadi karena ketidakmampuan pengemudi mobil bus menghentikan kendaraaan saat menuruni flyover yang pada ujung Utaranya yang terdapat antrian kendaraan dari arah berlawanan. Pengemudi memilih mengarahkan kendaraan ke kiri sehingga menabrak pejalan kaki sebelum terjun ke sawah.,UA;
Dari hasil investigasi dapat disimpulkan bahwa kecelakaan disebabkan oleh pengemudi yang mengalami kelelahan dan kurangnya rambu-rambu lalu lintas serta penerangan jalan. Akibatnya pengemudi kehilangan kendali saat mendahului 2 truk engkel sehingga bertabrakan dengan mobil bus pada arah yang berlawanan.,PRE;
Fatalitas tinggi pada korban kecelakaan diakibatkan oleh tidak adanya Air Bag, zona tabrakan tidak tepat mengenai Crash Protection Box karena perbedaan ketinggian antara mobil bus dan mobil penumpang, serta penumpang yang tidak menggunakan sabuk keselamatan.,UA;
Fatalitas tinggi pada korban kecelakaan diakibatkan oleh tidak adanya Air Bag, zona tabrakan tidak tepat mengenai Crash Protection Box karena perbedaan ketinggian antara mobil bus dan mobil penumpang, serta penumpang yang tidak menggunakan sabuk keselamatan.,PRE;
Fatalitas pengemudi dan pengguna jalan yang lain disebabkan oleh terjadinya korosi yang parah pada keseluruhan rangkaian head tractor dan kereta tempelan yang mengakibatkan berkurangnya survival space kabin pengemudi ketika truk semi trailer terguling serta terlemparnya kontainer dari rangka landasan yang menimpa warung-warung penduduk yang berada di bahu jalan.,PRE;
Fatalitas terjadi karena Jalan Kertanegara Desa Giri Moyo Kecamatan Karang Ploso Kabupaten Malang Jawa Timur merupakan daerah pertokoan, pemukiman, pergudangan dan terdapat beberapa akses jalan lingkungan dengan fungsi jalan Kolektor Primer. Hal ini mengakibatkan kondisi lalu lintas bercampur berbagai jenis kendaraan.,PRE;
Berdasarkan hasil investigasi dan analisis dapat disimpulkan bahwa penyebab terjadinya kecelakaan adalah persepsi pengemudi truk tronton untuk memposisikan kendaraannya saat di tikungan melewati marka tengah serta lebar bak muatan overdimension mengakibatkan ruang jalur mobil bus berkurang dimana tidak dapat diantisipasi oleh mobil bus yang bergerak dengan kecepatan rata-rata di atas 80 km/jam sehingga benturan antara kedua kendaraan tidak terelakkan.,UA;
Berdasarkan hasil investigasi dapat disimpulkan bahwa terjadinya kecelakaan disebabkan oleh jam kerja pengemudi yang melebihi ketentuan jam kerja serta kondisi pengemudi dalam keadaan sakit mengakibatkan pengemudi mengalami kelelahan dan penurunan daya motorik tubuh. Akibatnya, ketika mengemudikan di ruas Jalan Cekik batas kota Negara pengemudi tidak dapat mengendalikan kendaraan ditambah dengan adanya potensi rollover Mobil Bus Sedang Isuzu Elf NHR 55 yang cukup tinggi mengakibatkan kendaraan terguling dan tabrakan tidak dapat dihindari.,UA;
Berdasarkan hasil investigasi dapat disimpulkan bahwa terjadinya kecelakaan disebabkan oleh jam kerja pengemudi yang melebihi ketentuan jam kerja serta kondisi pengemudi dalam keadaan sakit mengakibatkan pengemudi mengalami kelelahan dan penurunan daya motorik tubuh. Akibatnya, ketika mengemudikan di ruas Jalan Cekik batas kota Negara pengemudi tidak dapat mengendalikan kendaraan ditambah dengan adanya potensi rollover Mobil Bus Sedang Isuzu Elf NHR 55 yang cukup tinggi mengakibatkan kendaraan terguling dan tabrakan tidak dapat dihindari.,PRE;
Dari hasil investigasi dapat disimpulkan bahwa terjadinya kecelakaan adalah disebabkan oleh adanya perbedaaan perangkat keselamatan pada sistem rem kendaraan penarik dan kereta tempelan tangki yaitu sistem rem Hino FM 260 JD (head tractor) belum dilengkapi teknologi Anti-lock Brake System (ABS), sedangkan sistem rem trailer tangki sudah dilengkapi teknologi ABS. Saat terjadi pengereman mendadak, pergerakan antara bagian head tractor dan kereta tempelannya menjadi tidak selaras. Roda Head tractor akan slip ketika remnya terkunci sedangkan roda kereta tempelannya tidak terkunci karena teknologi ABS. Selanjutnya, laju pergerakan kendaraan baik head tractor maupun kereta tempelannya menjadi tidak terkendali.,UA;
Berdasarkan hasil investigasi dan analisis dapat disimpulkan bahwa penyebab terjadinya kecelakaan adalah mobil bus tidak dirawat secara berkala sehingga sistem pengereman, penggerak kopling dan sistem pemindah daya tidak bekerja optimal. Hal ini mengakibatkan mobil bus berkecepatan tinggi saat melewati jalan yang menurun curam disertai dengan tikungan tajam.,PRE;
Fatalitas bertambah karena tidak terpasangnya sabuk keselamatan pada setiap kursi penumpang dan karena tidak sempurnanya desain dan pemasangan pagar pengaman jalan.,PRE;
Kecelakaan terjadi akibat Petugas JPL 482 terlambat mengantisipasi kedatangan kereta, sehingga sebelum pintu perlintasan ditutup dan sirine dibunyikan, sudah ada kendaraan yang masuk ke dalam perlintasan. Selanjutnya pengemudi yang sudah berada di perlintasan mengalami penurunan situation awareness factor akibat panik yang menyebabkan pengambilan keputusan yang keliru dan berdampak pada matinya mesin kendaraan tepat diatas rel.,PRE;
Kecelakaan terjadi akibat Petugas JPL 482 terlambat mengantisipasi kedatangan kereta, sehingga sebelum pintu perlintasan ditutup dan sirine dibunyikan, sudah ada kendaraan yang masuk ke dalam perlintasan. Selanjutnya pengemudi yang sudah berada di perlintasan mengalami penurunan situation awareness factor akibat panik yang menyebabkan pengambilan keputusan yang keliru dan berdampak pada matinya mesin kendaraan tepat diatas rel.,UA;
Penyebab fatalitas korban adalah rendahnya ketahanan tubruk mobil bus khususnya pada bagian pintu belakang yang terlepas pada saat terjadinya tabrakan serta tidak dilengkapinya tempat duduk penumpang dengan sabuk pengaman.,PRE;
Dari hasil investigasi dapat disimpulkan bahwa terjadinya kecelakaan adalah disebabkan oleh pemilihan rute alternatif yang jarak tempuhnya lebih panjang dibandingkan rute normal serta ketidakpahaman dalam membaca indikator tekanan angin yang berada di dashboard. Akibatnya, pengoperasian kendaraan dilakukan secara kurang berkeselamatan (terburu-buru) dan terjadi ketidaktepatan dalam melakukan tindakan perlambatan di jalan yang menurun panjang sehingga mobil bus keluar jalur pada tikungan di lokasi terjadinya kecelakaan.,UA;
Fatalitas tinggi pada korban kecelakaan diakibatkan oleh tidak tersedianya sabuk pengaman pada kursi penumpang.,PRE;
Dari hasil investigasi dapat disimpulkan bahwa penyebab terjadinya kecelakaan adalah ketidakstabilan/olengnya pergerakan mobil pickup menjelang lokasi terjadinya kecelakaan yang disebabkan kempisnya ban kanan belakang serta dimuatinya mobil pickup oleh 36 orang penumpang (overcapacity) dalam posisi berdiri di bak muatan. Pengempisan ban disebabkan oleh rusaknya ban akibat melintasi bahu berbatu kerikil tajam dan penambalan lubang dengan tambalan yang tidak standar. Selanjutnya, pergerakan mobil pickup yang tidak dapat dikendalikan menyebabkan mobil pickup menabrak dinding tanah dan terguling.,UA;
Fatalitas tinggi pada korban kecelakaan diakibatkan oleh penggunaan mobil barang untuk mengangkut orang tanpa memperhatikan standar keselamatan (unsur crashworthiness). Penumpang banyak yang terlempar dan tertindih mobil pickup saat kecelakaan terjadi,UA;
Perilaku pengemudi dengan mematikan mesin kendaraan dan mengatur posisi tuas pemindah daya/persneling dalam keadaan roda gigi netral saat jalan menurun ekstrim (9.3%) sebelum lokasi tabrakan awal menyebabkan kendaraan melaju dengan cepat dan sulit untuk dikendalikan,UA;
Dari hasil investigasi ditemukan bahwa kecelakaan terjadi diakibatkan oleh truk CPO yang parkir pada tikungan jalan tanpa memasang segitiga pengaman dan lampu isyarat pada bahu jalan yang lebarnya dibawah standar. Hal ini mengakibatkan pengemudi mobil bus PO. Makmur tidak mampu mengantisipasi dan mengambil lajur berlawanan arah saat menghindari truk tersebut. Pada saat yang bersamaan dari arah yang berlawanan muncul mobil bus FA Pembangunan Semesta dan PT. ALS sehingga tabrakan tidak dapat terhindarkan.,PRE;
Dari hasil investigasi ditemukan bahwa kecelakaan terjadi diakibatkan oleh truk CPO yang parkir pada tikungan jalan tanpa memasang segitiga pengaman dan lampu isyarat pada bahu jalan yang lebarnya dibawah standar. Hal ini mengakibatkan pengemudi mobil bus PO. Makmur tidak mampu mengantisipasi dan mengambil lajur berlawanan arah saat menghindari truk tersebut. Pada saat yang bersamaan dari arah yang berlawanan muncul mobil bus FA Pembangunan Semesta dan PT. ALS sehingga tabrakan tidak dapat terhindarkan.,UA;
Terjadinya fatalitas yang tinggi disebabkan oleh Korosi yang terjadi di mobil PO. Makmur dan bus FA. Pembangunan Semesta memperparah pengurangan survival space dan Penggunaan kaca yang bukan safety glass di mobil bus PO. Makmur dan mobil bus FA. Pembangunan Semesta.,PRE;
Pengemudi mobil bus saat mengemudikan kendaraannya kurang memperhitungkan kecepatan, kondisi jalan yang basah, jalan menikung, muatan penumpang yang penuh dan ketinggian kendaraan.,PRE;
Pengemudi mobil bus saat mengemudikan kendaraannya kurang memperhitungkan kecepatan, kondisi jalan yang basah, jalan menikung, muatan penumpang yang penuh dan ketinggian kendaraan.,UA;
Pengemudi bus mengoperasikan kendaraan selama 2 (dua) hari berturut-turut. Hal ini menunjukkan bahwa waktu kerja pengemudi melebihi waktu kerja yang ditentukan baik dalam Undang-undang Ketenagakerjaan maupun Undang-undang Lalu Lintas dan Angkutan Jalan. Durasi mengemudi yang panjang dengan kontraksi otot statis akan berdampak pada peningkatan tekanan di pembuluh darah. Ruas jalan Tol Cikopo-Palimanan yang lurus dan datar membuat pengemudi mengalami kebosanan dan berhalusinasi ketika mengemudi.  Hal ini mengakibatkan pengemudi mengalami kehilangan kesadaran sesaat (microsleep) dan penurunan daya konsentrasi serta reaksi.,UA;
Pengemudi bus mengoperasikan kendaraan selama 2 (dua) hari berturut-turut. Hal ini menunjukkan bahwa waktu kerja pengemudi melebihi waktu kerja yang ditentukan baik dalam Undang-undang Ketenagakerjaan maupun Undang-undang Lalu Lintas dan Angkutan Jalan. Durasi mengemudi yang panjang dengan kontraksi otot statis akan berdampak pada peningkatan tekanan di pembuluh darah. Ruas jalan Tol Cikopo-Palimanan yang lurus dan datar membuat pengemudi mengalami kebosanan dan berhalusinasi ketika mengemudi.  Hal ini mengakibatkan pengemudi mengalami kehilangan kesadaran sesaat (microsleep) dan penurunan daya konsentrasi serta reaksi.,PRE;
Jumlah tempat duduk mobil bus (sesuai kartu uji) 14 penumpang tidak termasuk pengemudi sedangkan kenyataannya mobil bus berisi 17 penumpang tidak termasuk pengemudi. Jumlah penumpang melebihi kapasitas mobil bus menyebabkan berkurangnya  efektifitas  pengereman  kendaraan.,UA;
Mobil truk bermuatan melebihi daya angkut yang diijinkan, dikemudikan dengan kecepatan yang diperkirakan diatas 124 km/jam (hasil CCTV) pada ruas jalan di lokasi terjadinya kecelakaan yang kemiringannya cukup ekstrim (9.3%) sehingga menyebabkan kendaraan sulit untuk diperlambat.,UA;
Penyebab kecelakaan adalah kelelahan pengemudi karena mengemudikan kendaraan dengan jarak jauh, waktu tempuh yang lama dan tidak ada pengemudi cadangan.,PRE;
Jumlah waktu istirahat pengemudi dan waktu bekerjanya tidak diatur dengan jelas oleh PT. Tenaga Inti Global selaku operator. Hal tersebut mempengaruhi sistem manajemen angkutan,UA;
Jumlah waktu istirahat pengemudi dan waktu bekerjanya tidak diatur dengan jelas oleh PT. Tenaga Inti Global selaku operator. Hal tersebut mempengaruhi sistem manajemen angkutan,PRE;
Lebar jalan 7.1 meter, lalu lintas yang tidak padat, cuaca malam hari, tidak hujan dan lurus dapat memicu pengemudi untuk mengemudikan kendaraannya dengan kecepatan tinggi dan mengantuk,PRE;
Kemampuan ataupun keterampilan pengemudi terhadap pemahaman dan respon pengemudi terhadap kondisi lingkungan sekitar masih kurang. Pengemudi tidak dapat mengantisipasi situasi yang kritis (pengemudi tidak mampu untuk menghindari pohon yang tumbang),PRE;
Kemampuan ataupun keterampilan pengemudi terhadap pemahaman dan respon pengemudi terhadap kondisi lingkungan sekitar masih kurang. Pengemudi tidak dapat mengantisipasi situasi yang kritis (pengemudi tidak mampu untuk menghindari pohon yang tumbang),UA;
Kemungkinan psikologis/emosi pengemudi terpengaruh oleh kondisi lalu lintas yang di alami sebelumya yang di indikasikan dari waktu keberangkatan dari Depok + Pukul 07.15 WIB dan tiba di Cimacan (lokasi kecelakaan) + Pukul 10.20 WIB (waktu tempuh dari Depok ke Cimacan selama + 3 jam) dianggap lama sehingga ketika ada peluang jalan yang lebih bebas pengemudi Bus cenderung untuk memacu Bus lebih tinggi.,PRE;
Pengemudi bus pariwisata milik PO. Fajar Transport mengemudikan kendaraannya dengan kecepatan tinggi dan kurang menguasai kondisi kendaraan pada saat akan melewati daerah sekitar tempat kejadian, terdapat bekas jejak ban sebelum tempat kejadian, tidak diketahui posisi terakhir dari pemindah gigi percepatan (versneleng), kerusakan kendaraan akibat benturan yang keras pada bagian depan bus karena kecepatan tinggi. Sebelum terjadinya kecelakaan pengemudi bus pariwisata milik PO. Fajar Transport tiba - tiba tidak bisa menghentikan laju kendaraan pada saat bus menabrak kendaraan pertama yang ada di depan, yaitu kendaraan angkutan kota warna hijau dengan Nomor Polisi T.1960 TF dan diduga pengemudi kurang menguasai kondisi kendaraaan dan keadaan jalan.,UA;
Dari penelitian dan wawancara yang dilakukan di ketahui bahwa pengemudi yang bersangkutan kurang memiliki pengalaman dan keterampilan dalam menghadapi kondisi darurat terutama kendaraan yang terbakar;,UA
Waktu kerja pengemudi sejak memuat barang dan berangkat dari Surabaya sampai ke Lamongan adalah 9,5 jam dan beristirahat selama 3,5 jam disebabkan keadaan lalu lintas macet total. Berdasarkan Peraturan Pemerintah Nomor 44 Tahun 1993 Tentang Kendaraan dan Pengemudi Pasal 240 yang mengatur waktu istirahat bahwa waktu kerja bagi pengemudi kendaraan umum adalah 8 (delapan) jam sehari dan setelah mengemudikan kendaraan selama 4 (empat) jam berturut-turut, harus diberikan istirahat sekurang-kurangnya setengah jam. Berdasarkan Pasal 241 bahwa Pengusaha angkutan umum yang mengoperasikan kendaraannya lebih dari waktu sebagaimana dimaksud harus menyediakan pengemudi pengganti. Pengusaha angkutan umum harus melakukan penggantian pengemudi dengan pengemudi pengganti setelah jangka waktu sebagaimana dimaksud.,UA;
Waktu kerja pengemudi sejak memuat barang dan berangkat dari Surabaya sampai ke Lamongan adalah 9,5 jam dan beristirahat selama 3,5 jam disebabkan keadaan lalu lintas macet total. Berdasarkan Peraturan Pemerintah Nomor 44 Tahun 1993 Tentang Kendaraan dan Pengemudi Pasal 240 yang mengatur waktu istirahat bahwa waktu kerja bagi pengemudi kendaraan umum adalah 8 (delapan) jam sehari dan setelah mengemudikan kendaraan selama 4 (empat) jam berturut-turut, harus diberikan istirahat sekurang-kurangnya setengah jam. Berdasarkan Pasal 241 bahwa Pengusaha angkutan umum yang mengoperasikan kendaraannya lebih dari waktu sebagaimana dimaksud harus menyediakan pengemudi pengganti. Pengusaha angkutan umum harus melakukan penggantian pengemudi dengan pengemudi pengganti setelah jangka waktu sebagaimana dimaksud.,PRE;
dapat disimpulkan bahwa kemungkinan penyebab (probable cause) terjadinya peristiwa kecelakaan ini, bersumber dari faktor manusia kelelahan/fatique yang mengakibatkan kelalaian atau ketidakcakapan dalam berlalu lintas di jalan terutama pada saat menghadapi situasi kritis yang datang secara tiba-tiba, kondisi teknis layak jalan kendaraan (diantaranya penggunaan ban dengan ukuran dan merk yang berbeda, kedalaman alur ban tidak memenuhi persyaratan teknis (minimal 1 mm) sehingga pada saat dilakukan pengereman secara mendadak kendaraan tidak dapat berhenti secara sempurna karena cengkraman ban terhadap permukaan jalan tidak bagus/buruk.,UA;
dapat disimpulkan bahwa kemungkinan penyebab (probable cause) terjadinya peristiwa kecelakaan ini, bersumber dari faktor manusia kelelahan/fatique yang mengakibatkan kelalaian atau ketidakcakapan dalam berlalu lintas di jalan terutama pada saat menghadapi situasi kritis yang datang secara tiba-tiba, kondisi teknis laik jalan kendaraan (diantaranya penggunaan ban dengan ukuran dan merk yang berbeda, kedalaman alur ban tidak memenuhi persyaratan teknis (minimal 1 mm) sehingga pada saat dilakukan pengereman secara mendadak kendaraan tidak dapat berhenti secara sempurna karena cengkraman ban terhadap permukaan jalan tidak bagus/buruk.,UA;
dapat disimpulkan bahwa kemungkinan penyebab (probable cause) terjadinya peristiwa kecelakaan ini, bersumber dari faktor manusia kelelahan/fatique yang mengakibatkan kelalaian atau ketidakcakapan dalam berlalu lintas di jalan terutama pada saat menghadapi situasi kritis yang datang secara tiba-tiba, kondisi teknis laik jalan kendaraan (diantaranya penggunaan ban dengan ukuran dan merk yang berbeda, kedalaman alur ban tidak memenuhi persyaratan teknis (minimal 1 mm) sehingga pada saat dilakukan pengereman secara mendadak kendaraan tidak dapat berhenti secara sempurna karena cengkraman ban terhadap permukaan jalan tidak bagus/buruk.,PRE;
Dengan demikian, dapat disimpulkan bahwa kemungkinan penyebab (probable cause) terjadinya peristiwa kecelakaan ini, bersumber dari faktor tidak sesuai klas jalan, dengan kendaraan bermotor yang digunakan atau kendaraan bermotor dengan muatan yang begitu banyak tidak sesuai dengan jalan desa yang klasnya rendah.,UA;
kemungkinan penyebab (probable cause) terjadinya peristiwa kecelakaan ini, bersumber dari adanya kegagalan mengendalikan kendaraan yang disebabkan oleh kondisi fisik pengemudi (mengantuk), kecepatan tinggi dan dengan kondisi jalan yang licin dan menikung tajam, perubahan diameter roda kemudi yang lebih kecil, perubahan ukuran roda yang lebih besar dari standarnya serta kondisi aspal jalan agak menanjak sedikit.,UA;
kemungkinan penyebab (probable cause) terjadinya peristiwa kecelakaan ini, bersumber dari adanya kegagalan mengendalikan kendaraan yang disebabkan oleh kondisi fisik pengemudi (mengantuk), kecepatan tinggi dan dengan kondisi jalan yang licin dan menikung tajam, perubahan diameter roda kemudi yang lebih kecil, perubahan ukuran roda yang lebih besar dari standarnya serta kondisi aspal jalan agak menanjak sedikit.,PRE;
Pengemudi kemungkinan mengalami kelelahan atau mengantuk atau menurun kesadarannya akibat dari sesuatu yang dialami sebelumnya. Hal ini tidak memenuhi persyaratan utama dalam mengemudi yakni mampu mengemudikan kendaraan dengan wajar;,PRE
Tingkat kewaspadaan pengemudi dan kemampuan mengantisipasi terhadap medan jalan kurang. Hal ini dibuktikan yang bersangkutan tidak mampu menghadapi kondisi perubahan secara mendadak sehingga tidak mampu mengendalikan kendaraannya dengan baik,PRE;
Tingkat kewaspadaan pengemudi dan kemampuan mengantisipasi terhadap medan jalan kurang. Hal ini dibuktikan yang bersangkutan tidak mampu menghadapi kondisi perubahan secara mendadak sehingga tidak mampu mengendalikan kendaraannya dengan baik,UA;
Meskipun pengemudi mobil bus memiliki pengalaman kerja yang cukup dan pengetahuan akan medan lintasan yang dilalui, namun saat berada di tanjakan menjelang tikungan ke kiri pengemudi berusaha mendahului kendaraan di depannya pada posisi yang tidak aman (pengemudi tidak mematuhi tata cara berlalu lintas seperti yang tercantum dalan pasal 105 dan 106 UU No. 22 tahun 2009 bahwa setiap orang yang menggunakan jalan wajib mematuhi tetang persyaratan teknis dan laik jalan) dan kepanikan pengemudi dalam menghadapi permasalahan tersebut tidak dapat mengendalikan dengan baik mobil bus yang meluncur mundur menunjukkan tingkat kecakapan pengemudi tersebut sangat kurang. Hal ini menjadi faktor utama terjadinya kecelakaan,PRE;
Meskipun pengemudi mobil bus memiliki pengalaman kerja yang cukup dan pengetahuan akan medan lintasan yang dilalui, namun saat berada di tanjakan menjelang tikungan ke kiri pengemudi berusaha mendahului kendaraan di depannya pada posisi yang tidak aman (pengemudi tidak mematuhi tata cara berlalu lintas seperti yang tercantum dalan pasal 105 dan 106 UU No. 22 tahun 2009 bahwa setiap orang yang menggunakan jalan wajib mematuhi tetang persyaratan teknis dan laik jalan) dan kepanikan pengemudi dalam menghadapi permasalahan tersebut tidak dapat mengendalikan dengan baik mobil bus yang meluncur mundur menunjukkan tingkat kecakapan pengemudi tersebut sangat kurang. Hal ini menjadi faktor utama terjadinya kecelakaan,UA;
"Hasil investigasi dan penelitian tim KNKT di lokasi kejadian, wawancara dengan pihak yang terlibat dan saksi-saksi lainnya diperoleh temuan fakta-fakta sebagai berikut: a. Pengemudi bus memacu kendaraannya untuk mengejar waktu dan berkeinginan segera sampai di tempat tujuan; b. Kemungkinan pengemudi memiliki sifat merasa memperoleh kebanggaan manakala dapat lolos dari suatu keadaan yang berbahaya (semacam sifat angkuh/ sombong) cenderung ugal-ugalan;,PRE";
Tingkat kewaspadaan dan kemahiran pengemudi dalam mengemudikan kendaraannya pada medan yang demikian belum tergolong cakap. Pada saat kejadian, kemungkinan kondisi/stamina pengemudi lelah sehingga konsentrasi dan kemampuan mengantisipasi terhadap kemungkinan yang dapat terjadi sewaktu-waktu dan di luar dugaan tidak dapat direspon secara baik. Hal ini ada keterkaitan secara erat dengan bekerja melebihi batas jam kerja normal, terlalu banyak lembur/overtime yang mengakibatkan kurangnya waktu untuk beristirahat,PRE;
Tingkat kewaspadaan dan kemahiran pengemudi dalam mengemudikan kendaraannya pada medan yang demikian belum tergolong cakap. Pada saat kejadian, kemungkinan kondisi/stamina pengemudi lelah sehingga konsentrasi dan kemampuan mengantisipasi terhadap kemungkinan yang dapat terjadi sewaktu-waktu dan di luar dugaan tidak dapat direspon secara baik. Hal ini ada keterkaitan secara erat dengan bekerja melebihi batas jam kerja normal, terlalu banyak lembur/overtime yang mengakibatkan kurangnya waktu untuk beristirahat,UA;
Tiap hari pengemudi mengoperasikan mobil barang/dump truck untuk mengangkut pekerja/karyawan perusahaan perkebunan sawit dari barak-barak tempat tinggal menuju lokasi perkebunan. Selain itu, mereka juga mengangkut peralatan perkebunan dari satu tempat ke tempat lain dalam areal perkebunan yang sama atau ke tempat-tempat di luar areal perkebunan yang jaraknya cukup jauh. Pihak manajemen PT. Maju Aneka Sawit dalam mengatur jam kerja karyawannya cenderung memberi kebebasan untuk melakukan kerja lembur (over time). Dari sisi perolehan upah yang bersangkutan akan memperoleh tambahan yang cukup besar namun dari sisi kesehatan/stamina karyawan dapat memberikan dampak yang kurang baik, karena yang bersangkutan tidak memiliki waktu yang cukup untuk istirahat, sehingga stamina mereka menurun, karena mengalami kelelahan. Dalam kondisi tubuh lelah maka sekiranya mengemudikan kendaraan kemungkinan dapat timbul hal-hal yang tidak diinginkan/kecelakaan,PRE;
Hasil investigasi dan penelitian tim KNKT di lokasi kejadian, wawancara dengan pihak yang terlibat dan saksi-saksi lainnya diperoleh temuan fakta-fakta sebagai berikut:  Faktor manusia dalam kecelakaan ini sangat berperan terutama pengemudi mobil penumpang Carry yaitu dari kelalaian atau ketidakcakapan dalam memperhitungkan jarak aman untuk menyiap.  Faktor manusia juga memiliki kelemahan dalam hal memperhitungkan, merespon dan mengantisipasi kondisi tertentu yang terjadi secara cepat dan mendadak.  Faktor sarana tidak menjadi faktor penyebab terjadinya kecelakaan.  Faktor prasarana dan lingkungan juga menjadi faktor pendukung karena kurangnya rambu yang ada pada lokasi kejadian dan kondisi jalan yang lurus dan volume kendaraan yang rendah dimana sering menimbulkan suasana yang statis dan monoton. Dengan demikian, dapat disimpulkan bahwa kemungkinan penyebab (probable cause) terjadinya peristiwa kecelakaan ini, bersumber dari faktor manusia yang memiliki kelalaian atau ketidakcakapan dalam berlalu lintas di jalan,UA;
Pengemudi mobil bus kemungkinan mengalami kelelahan atau mengantuk atau menurun kesadarannya akibat dari sesuatu yang dialami sebelumnya. Hal ini tidak memenuhi persyaratan utama dalam mengemudi yakni berbadan sehat dan dalam keadaan bugar;,PRE
Tingkat kewaspadaan dan kemahiran pengemudi mobil bus terhadap medan yang demikian belum tergolong cakap. Hal ini dibuktikan yang bersangkutan tidak mampu menghadapi kondisi perubahan secara mendadak sehingga tidak mampu mengendalikan kendaraannya dengan baik,UA;
Tingkat kewaspadaan dan kemahiran pengemudi mobil bus terhadap medan yang demikian belum tergolong cakap. Hal ini dibuktikan yang bersangkutan tidak mampu menghadapi kondisi perubahan secara mendadak sehingga tidak mampu mengendalikan kendaraannya dengan baik,PRE;
Pengemudi kurang menguasai/mengenal medan (rute Pandaan – Prigen),UA;
Dengan demikian, dapat disimpulkan bahwa kemungkinan penyebab (Probability Cause) terjadinya peristiwa kecelakaan ini, bersumber dari tidak terampil dan cakapnya pengemudi dalam mengemudikan kendaraan terutama pada saat menghadapi kondisi ekstrim yang datang secara tiba-tiba (saat kritis), kondisi teknis kendaraan yang tidak dirawat secara baik serta kondisi geometrik jalan yang tidak layak dilintasi oleh kendaraan angkutan berat, termasuk dalam hal ini kendaran bermotor mobil penarik beserta rangkaian semi trailernya (kereta tempelan) yang memuat air minum kemasan tersebut.,PRE;
Dengan demikian, dapat disimpulkan bahwa kemungkinan penyebab (Probability Cause) terjadinya peristiwa kecelakaan ini, bersumber dari tidak terampil dan cakapnya pengemudi dalam mengemudikan kendaraan terutama pada saat menghadapi kondisi ekstrim yang datang secara tiba-tiba (saat kritis), kondisi teknis kendaraan yang tidak dirawat secara baik serta kondisi geometrik jalan yang tidak layak dilintasi oleh kendaraan angkutan berat, termasuk dalam hal ini kendaran bermotor mobil penarik beserta rangkaian semi trailernya (kereta tempelan) yang memuat air minum kemasan tersebut.,UA;
Pengemudi mobil bus mengemudikan dengan kecepatan tinggi dan kurang berhatihati, hal ini diperoleh dari saksi-saksi yang berada di lokasi pada saat kejadian dan rusak beratnya kendaraan mobil bus maupun kendaraan truk semi trailer setelah terjadinya kecelakaan (human factor).,UA;
Kondisi permukaan ruas jalan yang tidak sama di lokasi terjadinya kecelakaan, dimana permukaan ruas jalan Semarang - Pekalongan lebih tinggi dibandingkan Pekalongan - Semarang, sementara ketinggian median jalan tetap (tidak ada peninggian) mengakibatkan kendaraan dari arah Semarang – Pekalongan dapat dengan mudah berpindah jalur ke arah berlawanan. Sebaliknya kendaraan yang melintas dari arah Pekalongan – Semarang akan menerima efek silau dari lampu kendaraan yang datang dari arah berlawanan.,PRE;
Kurangnya rambu peringatan tentang kondisi geometri jalan (turunan maupun tanjakan) , rambu batas kecepatan dan lampu penerangan jalan yang sangat minim (jaraknya terlalu jauh antara satu dengan lainnya) sehingga pada malam hari kondisi ruas jalan gelap.,PRE;
Pengemudi yang tidak memiliki kompetensi (SIM) untuk mengemudikan kendaraan bermotor, khususnya kendaraan bermotor angkutan berat (peti kemas).,UA;
"Infrastruktur jalan yang rusak terdapat banyak lubang, dikarenakan muatan lebih (overload). Ban roda depan kanan mobil bus Isuzu pecah akibat masuk ke dalam lubang, sehingga kendaraan oleng dan menabrak median jalan dan berpindah jalur ke arah berlawanan sehingga kecelakaan tidak dapat dihindarkan;,PRE";
Pengemudi tidak dalam keadaan tanggap dan terampil didalam menghadapi situasi dan kondisi ekstrem yang muncul secara tiba-tiba. Kendaraan mobil bus Isuzu tidak dalam jarak yang aman dengan mobil bus Isuzu yang berada di depannya. Sesuai peraturan pada PP 43 Tahun 1993 tentang prasarana dan lalu lintas jalan Pasal 62 tentang jarak antara kendaraan yang berbunyi “Pengemudi pada waktu mengikuti atau berada di belakang kendaraan lain, wajib menjaga jarak dengan kendaraan yang berada didepannya”.,UA;
Pengemudi tidak dalam keadaan tanggap dan terampil didalam menghadapi situasi dan kondisi ekstrem yang muncul secara tiba-tiba. Kendaraan mobil bus Isuzu tidak dalam jarak yang aman dengan mobil bus Isuzu yang berada di depannya. Sesuai peraturan pada PP 43 Tahun 1993 tentang prasarana dan lalu lintas jalan Pasal 62 tentang jarak antara kendaraan yang berbunyi “Pengemudi pada waktu mengikuti atau berada di belakang kendaraan lain, wajib menjaga jarak dengan kendaraan yang berada didepannya”.,PRE;
Pemasangan bumper tambahan / tidak standar pada mobil barang truk gandeng mengakibatkan korban mengalami kondisi yang sangat parah atau mengalami tingkat fatalitas yang tinggi. Hal tersebut bertentangan dengan PP 44 Tahun 1993 tentang kendaraan dan pengemudi Pasal 78 ayat 2 yang berbunyi “Bumper depan sebagaimana dimaksud dalam ayat (1) tidak boleh menonjol ke depan lebih dari 50 cm melewati bagian badan kendaraan yang paling depan”.,PRE;
Pemasangan bumper tambahan / tidak standar pada mobil barang truk gandeng mengakibatkan korban mengalami kondisi yang sangat parah atau mengalami tingkat fatalitas yang tinggi. Hal tersebut bertentangan dengan PP 44 Tahun 1993 tentang kendaraan dan pengemudi Pasal 78 ayat 2 yang berbunyi “Bumper depan sebagaimana dimaksud dalam ayat (1) tidak boleh menonjol ke depan lebih dari 50 cm melewati bagian badan kendaraan yang paling depan”.,UA;
Dengan demikian, dapat disimpulkan bahwa kemungkinan penyebab (Probability Cause) terjadinya peristiwa kecelakaan ini adalah bersumber dari faktor manusia yang mengemudikan kendaraan dengan kecepatan tinggi tanpa memperhatikan kondisi prasarana dan kendaraan yang melaju dari arah berlawanan sehingga tabrakan tidak dapat dihindari.,UA;
Dengan demikian, dapat disimpulkan bahwa kemungkinan penyebab (Probability Cause) terjadinya peristiwa kecelakaan ini adalah bersumber dari faktor manusia yang mengemudikan kendaraan dengan kecepatan tinggi tanpa memperhatikan kondisi prasarana dan lingkungan, sehingga begitu menghadapi kenyataan di depannya ada gundukan tanah dan badan jalan yang longsor, yang bersangkutan tidak sempat mengambil langkah – langkah preventif / menghindari lubang tersebut,UA;
Faktor manusia (pengemudi) merupakan faktor penyebab utama terjadinya kecelakaan, hal ini dapat diketahui dari waktu kerjanya yang melebihi ketentuan yang berlaku sehingga menimbulkan kelelahan yang berpengaruh terhadap konsentrasinya ketika mengemudikan kendaraan. Selain itu perilaku mengemudi yang tidak selamat (mengemudi dengan zig zag) menyebabkan tidak bisa mengendalikan kendaraannya sehingga terjadi tabrakan.,PRE;
Dengan demikian, dapat disimpulkan bahwa kemungkinan penyebab (Probability Cause) terjadinya peristiwa kecelakaan ini adalah cara mengemudi yang tidak selamat yaitu mengemudi dengan zig zag oleh pengemudi mobil bus PO. Sumber Kencono, pengendara sepeda motor yang berputar bukan pada tempatnya dan median jalan yang ketinggiannya tidak standar.,UA;
Dengan demikian, dapat disimpulkan bahwa kemungkinan penyebab (Probability Cause) terjadinya peristiwa kecelakaan ini adalah geometri dan kondisi jalan yang tidak memenuhi persyaratan keselamatan serta pengemudi mobil bus yang tidak cakap dalam menghadapi perubahan kondisi dan situasi mendadak dan kritis.,PRE;
Dengan demikian, dapat disimpulkan bahwa kemungkinan penyebab (Probability Cause) terjadinya peristiwa kecelakaan ini adalah geometri dan kondisi jalan yang tidak memenuhi persyaratan keselamatan serta pengemudi mobil bus yang tidak cakap dalam menghadapi perubahan kondisi dan situasi mendadak dan kritis.,UA;
Dengan demikian, dapat disimpulkan bahwa kemungkinan penyebab (Probability Cause) terjadinya peristiwa kecelakaan ini, bersumber dari tidak taatnya pengemudi mobil bus Isuzu Elf AG-7103-ML terhadap peraturan lalu lintas, melewati kendaraan lain dan melintasi marka tengah garis utuh sehingga masuk ke jalur berlawanan yang mengakibatkan terjadinya tabrakan.,UA;
Dengan demikian, dapat disimpulkan bahwa kemungkinan penyebab (Probability Cause) terjadinya peristiwa kecelakaan ini adalah bersumber dari faktor manusia, pengemudi mobil bus PO. Sinar Jaya B 7166 TGA yang mengemudikan kendaraan kurang waspada, mengantuk dan lelah serta tidak cakapnya dalam menghadapi kondisi kritis yang datang secara tiba – tiba.,UA;
Dengan demikian, dapat disimpulkan bahwa kemungkinan penyebab (Probability Cause) terjadinya peristiwa kecelakaan ini adalah bersumber dari faktor manusia, pengemudi mobil bus PO. Sinar Jaya B 7166 TGA yang mengemudikan kendaraan kurang waspada, mengantuk dan lelah serta tidak cakapnya dalam menghadapi kondisi kritis yang datang secara tiba – tiba.,PRE;
Dengan demikian, dapat disimpulkan bahwa kemungkinan penyebab (Probability Cause) terjadinya peristiwa kecelakaan ini adalah pengemudi mobil bus yang kurang disiplin berlalu lintas, kurang berhati-hati dan waspada dalam mengemudikan kendaraan, tidak berhasil mengendalikan kendaraan pada saat kritis, sehingga mengakibatkan mobil bus mengalami kecelakaan terjun ke dalam jurang dan menimbulkan korban jiwa.,UA;
Dengan demikian, dapat disimpulkan bahwa kemungkinan penyebab (Probability Cause) terjadinya peristiwa kecelakaan ini adalah cara mengemudi yang kurang berhati-hati yaitu pengemudi tidak menengok ke arah kiri dan kanan serta meningkatkan kewaspadaannya, terlalu berlebihnya kapasitas dan muatan pada kendaraan serta kurang familiar terhadap lokasi tersebut.,UA;
Dengan demikian, dapat disimpulkan bahwa kemungkinan penyebab (Probability Cause) terjadinya peristiwa kecelakaan ini adalah bersumber dari pengemudi mobil bus Mitsubishi L 300 P-2699-U mengemudikan kendaraan dengan kecepatan tinggi, sementara yang bersangkutan belum berpengalaman, belum memiliki SIM (Surat Izin Mengemudi), belum mengenali medan / rute yang dilintasi serta muatan kendaraan yang melebihi kapasitas tempat duduk, sehingga pada saat menghadapi situasi dan kondisi kritis yang datang secara tiba - tiba pengemudi tidak mampu dan cakap mengatasinya.,UA;
"Dengan demikian, dapat disimpulkan bahwa kemungkinan penyebab (Probability Cause) terjadinya peristiwa kebakaran ini adalah pemasangan lampu tambahan yang terlalu banyak (8 lampu), mengakibatkan terjadinya beban arus listrik yang begitu besar melampaui kapasitas kabel listrik yang dipergunakan yang pada akhirnya membakar kabel dan sekering pada mobil bus tersebut, tidak dilengkapinya mobil bus dengan peralatan tanggap darurat, terdapatnya muatan / barang termasuk ban cadangan di dalam ruang penumpang menutupi pintu keluar bagian belakang, diikatnya pintu dengan tali serta tidak tanggapnya awak
kendaraan terhadap kondisi kritis yang mengakibatkan jatuhnya banyak korban. ,UA";
Dengan demikian, dapat disimpulkan bahwa penyebab terjadinya kecelakaan adalah kondisi pengemudi yang lelah atau fatigue akibat tidak istirahat dengan baik, mengemudikan mobil bus dengan kecepatan tinggi sehingga tidak mampu mengantisipasi dan menghindari kondisi ekstrim yang dihadapi secara tiba-tiba karena adanya gundukan material berupa pasir dan batu kerikil untuk perbaikan jalan pada tikungan jalan yang menutup sebagian bahu dan badan jalan mengakibatkan ruang gerak kendaraan berkurang yang selanjutnya ban depan kiri mobil bus naik melintasi gundukan dan akhirnya terjun masuk ke dalam jurang,PRE;
Dengan demikian, dapat disimpulkan bahwa kemungkinan penyebab (Probability Cause) terjadinya peristiwa kecelakaan ini adalah bersumber dari pengendara sepeda motor ketika berputar tidak memperhatikan kondisi lalu lintas dari arah berlawanan. Dan pengemudi mobil bus mengemudikan kendaraan dengan kecepatan tinggi dan kurang waspada serta sigap dan tidak dapat mengambil keputusan yang tepat ketika menghadapi situasi darurat.,UA;
Dengan demikian, dapat disimpulkan bahwa kemungkinan penyebab (Probability Cause) terjadinya peristiwa kecelakaan ini adalah bersumber dari pengendara sepeda motor ketika berputar tidak memperhatikan kondisi lalu lintas dari arah berlawanan. Dan pengemudi mobil bus mengemudikan kendaraan dengan kecepatan tinggi dan kurang waspada serta sigap dan tidak dapat mengambil keputusan yang tepat ketika menghadapi situasi darurat.,PRE;
Dengan demikian, dapat disimpulkan bahwa kemungkinan penyebab (Probability Cause) terjadinya peristiwa kecelakaan ini adalah pengemudi mengendarai kendaraan kurang berhati-hati dan kurang mewaspadai terhadap kondisi jalan yang menanjak, menurun dan menikung dengan kanan kiri jalan terdapat jurang, serta kurang cakapnya dalam menghadapi situasi kritis yang datang secara tiba-tiba.,PRE;
Dengan demikian, dapat disimpulkan bahwa kemungkinan penyebab (Probability Cause) terjadinya peristiwa kecelakaan ini adalah pengemudi mengendarai kendaraan kurang berhati-hati dan kurang mewaspadai terhadap kondisi jalan yang menanjak, menurun dan menikung dengan kanan kiri jalan terdapat jurang, serta kurang cakapnya dalam menghadapi situasi kritis yang datang secara tiba-tiba.,UA;
Dengan demikian, bahwa kemungkinan rangkaian penyebab (Probable Causes) terjadinya peristiwa kecelakaan ini adalah faktor kelebihan muatan (over load 60% dari daya angkut normatifnya), pengemudi yang mengemudikan kendaraan dengan kecepatan tinggi karena gagal mengurangi kecepatan kendaraan, kurang berfungsinya sistem rem secara optimal karena panas berlebih (brake overheating) pada kanvas rem dan tromol, menyebabkan hilangnya daya pengereman (loss brake power). yang berakibat pengemudi tidak mampu mengendalikan kendaraannya.,UA;
Dengan demikian, kemungkinan rangkaian penyebab (Probable Causes) terjadinya peristiwa kecelakaan ini adalah kurang mengenal (familiar) nya pengemudi terhadap rute tersebut, kondisi jalan yang rusak berat, penggunaan komponen (kanvas) rem yang tidak standar serta muatan melebihi kapasitas, mengakibatkan yang bersangkutan kurang mampu dalam mengatasi kondisi kritis yang datang secara tiba-tiba.,PRE;
Dengan demikian, kemungkinan rangkaian penyebab (Probable Causes) terjadinya peristiwa kecelakaan ini adalah kurang mengenal (familiar) nya pengemudi terhadap rute tersebut, kondisi jalan yang rusak berat, penggunaan komponen (kanvas) rem yang tidak standar serta muatan melebihi kapasitas, mengakibatkan yang bersangkutan kurang mampu dalam mengatasi kondisi kritis yang datang secara tiba-tiba.,UA;
Dengan demikian, kemungkinan rangkaian penyebab (Probable Causes) terjadinya peristiwa kecelakaan adalah karena tidak berfungsinya sistem rem utama secara optimal, kecepatan kendaraan yang cukup tinggi, muatan yang melebihi kapasitas daya angkut kendaraan sebesar 42% dan adanya gaya sentrifugal sehingga kendaraan sulit dikendalikan cenderung lari ke kanan dan mengakibatkan menabrak mobil penumpang Suzuki Futura yang datang dari arah berlawanan.,UA;
Dengan demikian dapat disimpulkan bahwa kemungkinan penyebab (Probability Cause) rangkaian terjadinya kecelakaan tersebut adalah pengemudi yang mengalami kelelahan, mobil bus yang tidak memenuhi persyaratan teknis dan laik jalan, kondisi jalan dengan geometri berbelok, tanjakan dan turunan, semak belukar dipinggir jalan yang membatasi ruang bebas pandang pengemudi serta tidak adanya pagar pengaman tepi jalan/jurang berupa guard rail.,PRE;
Dengan demikian dapat disimpulkan bahwa kemungkinan penyebab (Probability Cause) rangkaian terjadinya kecelakaan tersebut adalah pengemudi yang mengalami kelelahan, mobil bus yang tidak memenuhi persyaratan teknis dan layak jalan, kondisi jalan dengan geometri berbelok, tanjakan dan turunan, semak belukar dipinggir jalan yang membatasi ruang bebas pandang pengemudi serta tidak adanya pagar pengaman tepi jalan/jurang berupa guard rail.,UA;
Dengan demikian dapat disimpulkan bahwa kemungkinan penyebab (Probability Cause) rangkaian terjadinya kecelakaan tersebut adalah rem utama mobil bus yang tidak berfungsi (malfungsi), tidak dilengkapi dengan perangkat rem parkir, geometrik jalan yang cukup ekstrim berupa jalan menanjak, menurun dan menikung, kurangnya ramburambu peringatan, himbauan dan larangan mulai dari jarak 500 meter sebelum dan sesudah titik terjadinya kecelakaan serta ketidakcakapan pengemudi dalam mengemudikan kendaraan terutama pada saat menghadapi situasi kritis yang datang secara tiba-tiba,UA;
Dengan demikian dapat disimpulkan bahwa kemungkinan penyebab (Probability Cause) rangkaian terjadinya kecelakaan tersebut adalah rem utama mobil bus yang tidak berfungsi (malfungsi), tidak dilengkapi dengan perangkat rem parkir, geometrik jalan yang cukup ekstrim berupa jalan menanjak, menurun dan menikung, kurangnya ramburambu peringatan, himbauan dan larangan mulai dari jarak 500 meter sebelum dan sesudah titik terjadinya kecelakaan serta ketidakcakapan pengemudi dalam mengemudikan kendaraan terutama pada saat menghadapi situasi kritis yang datang secara tiba-tiba,PRE;
Dari rangkaian faktor yang berkontribusi terhadap kemungkinan terjadinya kecelakaan tersebut di atas diantaranya adalah pengemudi mobil bus yang sudah mencapai usia senja, waktu kerja pengemudi per hari yang melebihi batas waktu kerja per hari maksimal yang diijinkan, geometri jalan yang cukup ekstrim dan mengalami kerusakan cukup parah/aspal bergelembung dan terkelupas, kondisi rem kendaraan yang kurang memenuhi persyaratan serta marka jalan yang membingungkan mengakibatkan pengemudi megalami keterlambatan dalam mengambil keputusan yang tepat saat menghadapi situasi kritis yang dihadapi secara tiba-tiba.,UA;
Dari rangkaian faktor yang berkontribusi terhadap kemungkinan terjadinya kecelakaan tersebut di atas diantaranya adalah pengemudi mobil bus yang sudah mencapai usia senja, waktu kerja pengemudi per hari yang melebihi batas waktu kerja per hari maksimal yang diijinkan, geometri jalan yang cukup ekstrim dan mengalami kerusakan cukup parah/aspal bergelembung dan terkelupas, kondisi rem kendaraan yang kurang memenuhi persyaratan serta marka jalan yang membingungkan mengakibatkan pengemudi megalami keterlambatan dalam mengambil keputusan yang tepat saat menghadapi situasi kritis yang dihadapi secara tiba-tiba.,PRE;
Dengan demikian dapat disimpulkan bahwa kemungkinan penyebab (Probability Cause) rangkaian terjadinya kecelakaan tersebut adalah kondisi jalan nasional dengan lebar 6 m, 1 jalur dua arah cukup menyulitkan kendaraan melakukan maneuver/menyiap kendaraan yang kecepatannya lebih rendah. Tidak adanya rambu-rambu lalu lintas yang memberikan informasi lengkap terkait dengan situasi dan kondisi jalan, tidak terpasangnya rambu-rambu lalulintas yang memberikan informasi pada ruas jalan tersebut. Dan tidak adanya tanda peringatan/ segitiga pengaman untuk kendaraan yang berhenti melakukan perbaikan serta lelahnya pengemudi menempuh jarak jauh, kurang beristirahat mengakibatkan kurang dapat mengantisipasi dan mengambil satu keputusan saat menghadapi kondisi yang ekstrim. ,PRE;
Dari hasil investigasi ditemukan bahwa penyebab terjadinya kecelakaan adalah kurang tidurnya pengemudi setelah semalam penuh mengemudikan kendaraan mengakibatkan terjadinya penurunan konsentrasi, ketidakstabilan emosi, ketidaktepatan pengambilan keputusan, serta penurunan reaksi tubuh saat kondisi kritis sehingga mobil bus yang overcapacity dikemudikan dengan kecepatan yang melebihi batas kecepatan yang ditetapkan serta tidak bisa dikendalikan saat melewati tikungan tajam di highway ramp KM 9+300 Tol Jatingaleh. Akibatnya, mobil terhempas ke arah kanan (keluar jalur) dengan ban kiri terangkat (mulai terguling), menabrak bagian atas median jalan dengan tepat pada bagian di atas roda sisi kanan mobil bus, lalu terguling, masuk ke jalur berlawanan, dan berakhir dengan menabrak tebing.,UA;
Dari hasil investigasi ditemukan bahwa penyebab terjadinya kecelakaan adalah kurang tidurnya pengemudi setelah semalam penuh mengemudikan kendaraan mengakibatkan terjadinya penurunan konsentrasi, ketidakstabilan emosi, ketidaktepatan pengambilan keputusan, serta penurunan reaksi tubuh saat kondisi kritis sehingga mobil bus yang overcapacity dikemudikan dengan kecepatan yang melebihi batas kecepatan yang ditetapkan serta tidak bisa dikendalikan saat melewati tikungan tajam di highway ramp KM 9+300 Tol Jatingaleh. Akibatnya, mobil terhempas ke arah kanan (keluar jalur) dengan ban kiri terangkat (mulai terguling), menabrak bagian atas median jalan dengan tepat pada bagian di atas roda sisi kanan mobil bus, lalu terguling, masuk ke jalur berlawanan, dan berakhir dengan menabrak tebing.,PRE;
Kecelakaan yang terjadi pada mobil bus disebabkan oleh fatigue yang dialami awak kendaraan. Fatigue ini disebabkan oleh berbagai faktor diantaranya kurang beristirahatnya awak kendaraan serta berada dalam kondisi berpuasa, perusahaan otobus yang tidak mengatur dan mengawasi jam kerja awak kendaraan, perbedaan aturan tentang jam kerja pengemudi yang diatur di dalam UU No. 22 Th. 2009 tentang LLAJ dengan UU No. 13 Th. 2003 tentang Ketenagakerjaan yang memungkinkan perusahaan otobus untuk memaksakan jam kerja awak kendaraan melebihi ketentuan yang berlaku secara internasional,PRE;
Terjadinya fatalitas yang tinggi disebabkan oleh: Terjadinya tumbukan antara mobil bus dengan tiang JPO. Berkurangnya survival space akibat tumbukan dari samping karena structural integrity (kekokohan) dari superstructure tidak diuji crashworthiness-nya terhadap tumbukan dan rollover. Korosi yag memperparah pengurangan survival space. Penggunaan kaca yang bukan safety glass. Tingkat keparahan korban bertambah akibat kursi pengemudi dan penumpang baris terdepan tidak dilengkapi safety belt sesuai dengan ketentuan UU No. 22 Tahun 2009 tentang LLAJ.,PRE;
