text,label
dasar hasil investigasi analisis simpul sebab jadi celaka tunggal truk trailer tangki jadi ignition delay udara masuk dalam sistem bahan bakar hambat alir bahan bakar amt pompa solar tangki cara priming pump tekan cara manual tangan pasti stopper pin masuk aman tempat kemudi cab mounting rubber ganti karet sandal dapat celah besar kait hook eye bolt parah gagal operasi cab lock lever truk trailer tangki alami goncangan luar biasa jalan turun sebab miring kabin akibat cab lock lever posisi release hook lepas eye bolt,UA
faktor fatalitas awak truk trailer tangki dampak bentur atap bangun kosong rangka baja capai survival space ruang kemudi,PRE
dasar hasil investigasi analisis simpul sebab jadi celaka tabrak untun truk trailer tangki alami gagal rem jadi sedia udara tekan tabung bawah ambang batas cukup kuat laku rem turun udara tekan picu pertama bocor solenoid valve klakson tambah dua adalah travel stroke kampas rem resultante dua hal paksa kemudi laku rem ulang kali hadap ganggu lalu lintas rem tidak pakem,PRE
fatalitas korban jadi kemudi alami panik luar biasa depan beberapa kendara muat bawa bahan mudah bakar kondisi truk trailer tangki lajur lambat sisi kiri trotoar cukup tinggi akhir kemudi mampu kuasa truk trailer tangki tabrak beberapa kendara roda empat ada di depan kemudi cara refleks belok kemudi arah kanan lepas kendara tabrak nyata di lajur kanan kerumun kendara henti di apill cbd tabrak kendaraankendaraan itu tak elak,PRE
bantu kemudi alami tidur microsleep kemudi bus wisata kendara oleng kiri keluar badan jalan laju rumput bahu jalan lanjut bus wisata tabrak pagar kam jalan kemudian tabrak kerb jalan tol ini akibat ban kendara pecah bus tabrak tiang vms variable message sign,PRE
dasar hasil investigasi analisis simpul sebab jadi celaka sistem rem dump truck gagal tahan cepat konstan jalan turun bukit cepat awal turun guna prosedur engine braking exhaust brake kemudi laku rem panjang guna service brake sebab kampas alami overheat akhir fenomena brakefading,PRE
dasar hasil investigasi analisis simpul sebab jadi celaka sistem rem dump truck gagal tahan cepat konstan jalan turun bukit cepat awal turun guna prosedur engine braking exhaust brake kemudi laku rem panjang guna service brake sebab kampas alami overheat akhir fenomena brakefading,UA
jadi tingkat fatalitas korban dump truck harus untuk angkut barang guna untuk angkut orang akibat ada survival space tumpang saat jadi celaka tumpang lempar keluar bak,UA
dasar hasil investigasi analisis simpul jadi celaka tabrak untun jadi turun tekan brake chamber semua roda jumlah udara tekan air tank kurang ini sebab oleh teknik operasi kemudi jalan turun panjang awal engine brake exhaust brake kurang cepat penggunaaan service brake rem kaki ketika putar mesin lebih batas aman diijinkan,UA
dasar hasil investigasi analisis simpul jadi celaka tunggal bus wisata pakai transmisi gigi tinggi lalu jalan turun panjang sebab putar poros engkol mesin turun laju kapasitas isi udara tabung lambat tindak rem terlalu sering service brake akibat udara tekan dalam tabung turun cara signifikan ini akibat kuat tekan aktuasi brake chamber capai gaya rem maksimum tiap roda,UA
fatalitas korban jadi tidak sedia sabuk selamat semua kursi tumpang akibat mobil bus tabrak lereng tumpang lempar luar bentur dinding samping ujung tepi pecah kaca jendela bus wisata bentuk tajam non safety glass material superstruktur bus wisata pilar patah upa besi hollow kondisi korosi atap plafon kanan bus wisata runtuh timpa sandar kursi capai survival space,PRE
fatalitas korban jadi tidak sedia sabuk selamat semua kursi tumpang akibat mobil bus tabrak lereng tumpang lempar luar bentur dinding samping ujung tepi pecah kaca jendela bus wisata bentuk tajam non safety glass material superstruktur bus wisata pilar patah upa besi hollow kondisi korosi atap plafon kanan bus wisata runtuh timpa sandar kursi capai survival space,UA
dasar temuantemuan dapat investigasi faktorfaktor kontribusi hadap jadi celaka guna gigi tinggi jalan turun paksa kemudi laku rem ulang kali hal ber resiko turun tekan angin tabung angin rem kondisi kendara mana celah kampas tromol atas ambang batas tetap saat pasuk simpang muara rapak tekan angin tabung angin rem sisa bar hal yang kemudi mampu laku rem kendara celaka itu jadi,UA
seementara tingkat fatalitas celaka jadi tidak sedia jalur selamat jalan turun guna bumper depan buat besi tingkat daya rusak truk maksud tabrak kendara,PRE
dasar hasil investigasi analisis simpul sebab jadi celaka tabrak untun kurang waktu kualitas istirahat pramudi akibat jadi lelah microsleep tugas temu lengkap jalan mampu beri informasi baik upa ramburambu lalu lintas maupun pita gaduh akibat pramudi kurang waspada dekat halte cawang ciliwung tidak sadar dapat bus ada depan henti tabrak belakang,PRE
jadi tingkat fatalitas korban korban ada bak belakang truk lompat lempar keluar kondisi jalan upa beton drainase buka juga buat beton rigid lebar dalam daya dorong lompat bentur kepala beton sebab fatalitas korban,UA
dasar hasil investigasi analisis simpul sebab jadi celaka tabrak untun turun fo kretek risiko fo kretek bentang turun tuju bumiayu jarak kilometer sedia udara tabung cepat kurang pakai rem utama berulangulang katup buang tabung model kran risiko jadi bocor hilang udara pegas balik bagai kam sedia udara tabung kurang akibat kuat tekan aktuasi fluida master silinder capai gaya rem maksimum tiap roda lebih berat maksimum kendara diijinkan besar tidak hanya bahaya juga rupa langgar bawa bagai risiko rusa parah sering jadi area rem kendara masuk efek lebih beban,UA
fatalitas korban jadi tipe jalan bumiayupurwokerto lajur arah median risiko bentur antar kendara lawan arah sedia sabuk selamat kursi kemudi kontribusi lempar kemudi keluar kabin tabrak pertama jadi tabrak dengan truk sepeda motor,UA
fatalitas korban jadi tipe jalan bumiayupurwokerto lajur arah median risiko bentur antar kendara lawan arah sedia sabuk selamat kursi kemudi kontribusi lempar kemudi keluar kabin tabrak pertama jadi tabrak dengan truk sepeda motor,PRE
kemudi bus kemudi kendara cepat kmjam kurang antisipasi truk box tibatiba masuk lajur belah kanan dahulu kendara depan lanjut jadi step steeering input mobil bus arah kiri truk box lajur kiri dengar suara klakson bus depan belah kanan bus bentur belakang belah kiri atas truk box bus tabrak pagar kam guardrail tidak korban sisi belah kiri jadi step steering input mobil bus ke belah kanan lanjut bus oleng kemudian guling lajur satu seret jauh meter bus henti posisi bagi belah kanan ada atas ini tunjuk skidmark temu di lokasi jadi,UA
fatalitas korban jadi kursi tumpang lengkap sabuk selamat saat bus guling tumpang bentur kompartemen kabin beberapa tumpang lempar keluar bus kemudian timpa bodi bus,PRE
dasar hasil investigasi analisis simpul sebab truk tronton luncur tak kendali bentang turun jadi tabrak untun gagal lambat kondisi jalan turun panjang curam cenderung paksa jalan laku rem rem utama berkalikali awal teknik rem mesin engine braking,UA
fatalitas tinggi korban celaka akibat kemudi gagal belok truk tronton jalan harus lewat gerak arah jalan lurus lalu lintas lebih ramai,UA
dasar hasil investigasi analisis simpul sebab jadi celaka tunggal mobil bus b nga guling tikung harmoko karakteristik tikung tajam ganda kondisi kabut tebal halang pohon arah jambi buat jarak pandang pendek kemudi tidak punya alam rute jalan kurang info cuaca risiko gagal hadap bagai jenis ancam sebab kondisi jalan lingkung tunda lanjut jalan laku tindak selamat saat lewat tikung harmoko kurang cepat pakai engine brake exhause brake,PRE
dasar hasil investigasi analisis simpul sebab jadi celaka tunggal mobil bus b nga guling tikung harmoko karakteristik tikung tajam ganda kondisi kabut tebal halang pohon arah jambi buat jarak pandang pendek kemudi tidak punya alam rute jalan kurang info cuaca risiko gagal hadap bagai jenis ancam sebab kondisi jalan lingkung tunda lanjut jalan laku tindak selamat saat lewat tikung harmoko kurang cepat pakai engine brake exhause brake,UA
fatalitas korban jadi sedia sabuk selamat semua kursi tumpang pakai banyak tumpang akibat mobil bus guling tumpang kursi belah kanan timpa tumpang kursi belah kiri dorong dinding samping risiko cedera kepala rusuk,UA
dasar hasil investigasi analisis simpul sebab jadi celaka tunggal jatuh jurang bus wisata datang arah malangbong lewat jalan raya malangbongwado medan gunung berkelokkelok tanjak turun panjang awal remmesin engine brake exhaust brake kurang cepat kemudi tahu tikung dapat halang bahaya upa halang pandang lereng pohon akibat mobil bus gerak lurus dekat jurang guling tiga kali,UA
fatalitas korban jadi bus wisata pasang sabuk selamat semua tempat duduk hanya kursi kemudi ini kontribusi bus wisata jatuh jurang banyak tumpang bentur kompartemen kabin lempar luar saat jendela pecah kemudian timpa bodi bus guling,PRE
fatalitas tinggi korban celaka akibat airbag zona tabrak tidak tepat kena crash protection box tumpang tidak sabuk selamat,PRE
fatalitas tinggi korban celaka akibat airbag zona tabrak tidak tepat kena crash protection box tumpang tidak sabuk selamat,UA
neng cepat kendara kurang tepat jalur turun panjang bawen mana mengunakan gigi rendah bantu engine brake material pipaselang udara tabung hubung master sentralservo kondisi material original sebut bukti jadi puntir pipa dapat akibat kecil diameter pipa salur udara kapasitas udara dorong servo master sentral jadi kurang,UA
dasar hasil investigasi analisis simpul sebab jadi bakar mobil bus kotak sekring utama pakai simpan barang upa kertas plastik lain risiko kabel kelupas soket relay rusakhangus campur bahan mudah bakar,UA
dasar hasil investigasi analisis simpul sebab jadi celaka tabrak untun gagal lambat jalan turun panjang curam kemudi dapat lihat potensi bahaya laku rem rem utama berkalikali awal teknik engine braking exhaust brake cepat putar mesin rpmdianggap over speed akibat sedia udara tangki tip fluida dorong master cylinder optimal,UA
hasil investigasi jadi celaka kurang situational awareness milik kemudi truk tronton kemudi truk trailer lampu isyarat ingat bahaya lampu isyarat yang nyala saat henti parkir ada darurat jalan sesuai pasal uu tahun llaj,PRE
hasil investigasi jadi celaka kurang situational awareness milik kemudi truk tronton kemudi truk trailer lampu isyarat ingat bahaya lampu isyarat yang nyala saat henti parkir ada darurat jalan sesuai pasal uu tahun llaj,UA
fatalitas tinggi korban celaka akibat zona tabrak tepat kena crash protection box tumpang tidak sabuk selamat sabuk selamat tidak muat pompa dan sepeda motor material besi harus angkut pisah kendara angkut tumpang,UA
dasar hasil investigasi analisis simpul jadi celaka rupa kombinasi primer sekunder sebab primer mobil bus ukur besar milik kapasitas tempat duduk lebih orang sedang tuju kawasan wisata dieng lewat posko awas retribusi hingga tiba kawasan dieng sebab sekunder kemudi milik alam cukup lewat rute kejajardieng tatacara kemudi benar lalu jalan turun panjang laku sebab bus tidak dapat kendali jadi tabrak untun,UA
dasar hasil investigasi analisis simpul sebab jadi celaka tabrak belakang mobil bus kendara ke belah kiri titik tidak lihat blinspot mobil bus langsung tabrak belakang truk tronton parkir lama jam bahu jalan robek kabin tumpang hantam tumpang ada sisi kiri,UA
fatalitas korban jadi tidak rear underride protection device rupd truk tronton lindung tabrak mobil kecil truk belakang,PRE
hasil investigasi simpul celaka oleh faktor kemudi lelah jadi microsleep hilang kendali kemudi kekurangwaspadaan keluar jalur lalu lintas,PRE
microbus keluar jalur masuk arah lawan superstructure microbus mampu tahan alami bentur tidak sabuk selamat kursi tumpang,PRE
microbus keluar jalur masuk arah lawan superstructure microbus mampu tahan alami bentur tidak sabuk selamat kursi tumpang,UA
jadi celaka system rem optimal operasi supply udara tekan kompresor air dryer ganggu akibat conecting hose auslonggar ikat karet,UA
superstructure mobil bus mampu tahan alami bentur tergulingrollover tidak sabuk selamat kursi tumpang,PRE
dasar hasil investigasi analisis simpul jadi celaka cara langsung rupa kombinasi tindak selamat laku cara sama satu waktu diri atas a selang flexible ada kondisi getas lepas mobil tangki gagal lalu medan tanjak ekstrim sebab gigi transmisi sesuai b mundur mobil tangki overload dapat antisipasi guna rem parkir saat kerja rendah c mundur mobil tangki overload tidak dapat antisipasi ganjal roda tidak guna ganjal ban khusus,UA
dasar hasil investigasi analisis simpul jadi celaka gagal rem gigi persnelling tinggi cepat tinggi jalan turun paksa sistem rem utama mobil bus kerja cara maksimal kondisi teknis mobil bus tidak prima sebab jadi malfunction saat guna cara maksimal ini tanda lepas selang udara akibat udara airtank kosong bocor seal silinder roda jadi overheat ruang tromol dampak turun koefisien gesek kampas hadap tromol,UA
sebab fatalitas korban pagar kam jalan desain teknis seragam karakteristik geometrik lokasi jadi upa alinyemen vertikal jalan turun panjang alinyemen horizontal tikung ganda penampang lintang jalan upa jalan arah jalur median lebar jalan meter kondisi geometrik akan timbul gaya sentrifugal kendara belok kanan tuju jembatan gaya tarik kendara arah jurang harus hitung pagar kam jalan desain teknis pada dapat selamat kendara hilang kendali alami gagal akan belok,PRE
dasar hasil investigasi analisis simpul faktor jadi celaka tabrak untun jalan raya malangsurabaya sentul purwodadi ubah tipe hadap dimensi mampu daya angkut truk flat deck akibat berat muat lebih daya angkut sistem rem tunjuk gagal akibat fungsi sistem rem operasi jalan turun panjang cara rem utama awal engine brake exhaust brake kurang cepat,UA
dasar hasil investigasi analisis simpul faktor jadi celaka tabrak untun jalan raya malangsurabaya sentul purwodadi ubah tipe hadap dimensi mampu daya angkut truk flat deck akibat berat muat lebih daya angkut sistem rem tunjuk gagal akibat fungsi sistem rem operasi jalan turun panjang cara rem utama awal engine brake exhaust brake kurang cepat,PRE
fatalitas korban jadi lebar jalan meter saat satu kendara putar arah jalur tuju malang manuver pakai lajur kiri akibat jadi antri kendara lajur kiri manuver kendara putar arah hasil ini risiko tinggi di jalan nasional dengan kondisi jalan turun panjang lurus hambatanhambatan jadi bahaya saat darurat,PRE
hasil investigasi simpul celaka oleh tata cara kendara kemudi truk trailer guna lajur,UA
dasar hasil investigasi analisis simpul sebab jadi celaka kemudi pertama mobil bus akap dapat antisipasi jadi guna persneling gigi lima cepat atas kmjam geometrik jalan tikung kiri tanjak beda tinggi badan jalan bahu jalan batas pandang kemudi jadi faktor kontribusi pada celaka akibat lewat jembatan way capang way tuba mobil bus akap gagal tikung guling akibat atap mobil bus akap tabrak truk tangki cpo yang datang arah lawan,PRE
dasar hasil investigasi analisis simpul sebab jadi celaka kemudi pertama mobil bus akap dapat antisipasi jadi guna persneling gigi lima cepat atas kmjam geometrik jalan tikung kiri tanjak beda tinggi badan jalan bahu jalan batas pandang kemudi jadi faktor kontribusi pada celaka akibat lewat jembatan way capang way tuba mobil bus akap gagal tikung guling akibat atap mobil bus akap tabrak truk tangki cpo yang datang arah lawan,UA
fatalitas korban jadi dampak rusa akibat bentur deformasi atap mobil bus akibat tumpang belakang kemudi alami mati cedera berat ini cepat cara langsung kait parah cedera celaka probabilitas cedera parah tingkat tajam dampak cepat kendara tabrak survival space saat superstruktur bagi atap tidak dapat tahan beban jadi bentur bagi depan truk tangki cpo,PRE
jadi celaka dump truck a b bijak kena beri waktu potong bak overdimension laku waktu bulan akibat dump truck a b overdimension lolos uji alami overload jadi gagal rem turun turun panjang tol cipularang km,UA
jadi fatalitas peristiwa celaka sebab hal tidak sabuk selamat dump truck b akibat kemudi lempar gencet sisi kanan dump truck cepat dump truck a atas kmjam akibat dump truck a overload milik momentum besar hancur kendaraankendaraan sedang henti,UA
dasar hasil investigasi analisis simpul sebab jadi celaka ubah sudut kemudi cepat step steering input mobil tumpang arah kiri lajur tuju lajur tepat sisi kanan truk trailer tangki truk trailer tangki hindar kiri kendara hilang kendali kemudian arah kiri lajur tabrak pagar kam jalan panas manhole bottom loading cabinet bakar akibat logam tangki lunak uap bensin tangki kembang tekan tingkat kembang uap sulut sebab reaksi ledak ledak dapat robek tangki timbul gaya dorong kendara lambung saat darat fifth wheel tractor head patah jatuh bawah jalan layang sedang posisi akhir trailer tangki mobil tumpang dorong jauh meter posisi awal dua kendara tabrak pagar kam ledak sendiri hasil panas uap bahan bakar sedia sumber api uap baru hasil bakar trailer tangki mobil tumpang jadi,UA
fatalitas korban jadi gaya jadi celaka besar kn arti gaya dorong terima amt bentur lebih kali lipat nilai kritis neck injury criteria dasar analisis biomekanik cedera sebut akibat amt sadar diri bahkan tinggal temu mobil tumpang ikat sabuk selamat pasang kunci sabuk kursi kemudi mobil tumpang ini dapat jadi bukti kemudi mobil tumpang pakai sabuk selamat skid mark mobil tumpang temu lokasi celaka jadi step steering input ubah sudut kemudi dengan cepat tetap ini indikasi kemudi mobil tumpang alami hilang sadar microsleep celaka jadi dini hari,PRE
dasar hasil investigasi analisis simpul sebab jadi celaka cara langsung rupa kombinasi tindak selamat laku cara sama satu waktu diri atas a kekurangwaspadaan jalan lintas lintas bidang indikasi indah tanda rambu stop juga ingat jaga pintu lintas palang pintu kondisi hendak tutup b tindak reaksi kurang tepat atas kendara lanjur henti lintas bidang mana selamat jiwa dua yakni keluar paksa tumpang dalammobil henti laju kereta lari dekat arah kereta sembari beri tanda isyarat kereta henti c ketidakmampuan kendali kendara sebab jalan lintas bidang penuh syarat geometrik struktur mana miring jalan struktur jalan batu tidak penuh standar jalan selamat,UA
dasar hasil investigasi analisis simpul sebab jadi celaka cara langsung rupa kombinasi tindak selamat laku cara sama satu waktu diri atas a kekurangwaspadaan jalan lintas lintas bidang indikasi indah tanda rambu stop juga ingat jaga pintu lintas palang pintu kondisi hendak tutup b tindak reaksi kurang tepat atas kendara lanjur henti lintas bidang mana selamat jiwa dua yakni keluar paksa tumpang dalammobil henti laju kereta lari dekat arah kereta sembari beri tanda isyarat kereta henti c ketidakmampuan kendali kendara sebab jalan lintas bidang penuh syarat geometrik struktur mana miring jalan struktur jalan batu tidak penuh standar jalan selamat,PRE
dasar temu hadap jadi celaka simpul jadi tingkat fatalitas celaka tinggi akibat orang tumpang tinggal dunia karena guna sabuk selamat telah sedia masingmasing kursi tumpang itu tindak rem cara full service lambat laku akibat terlalu besar kurang survival space lempar tumpang cepat tinggi,UA
dasar hasil investigasi analisis simpul jadi celaka tabrak untun kemudi mampu kuasa kendara sebab karena interaksi langsung tumpang kemudi ganggu konsentrasi kemudi akibat kemudi hilang kendali atas kemudi arah mobil bus belok tuju median menyebrang jalur lawan jadi tabrak untun akibat fatalitas tinggi cedera berat,UA
fatalitas korban jadi desain median jalan tol cipali lengkap pagar kam landai cm mungkin kendara masuk jalur lalu lintas lawan pasca celaka kondisi kendara libat tunjuk ruang kabin tumpang deformasi ke survival space akibat tumpang jadi korban tinggal cedera berat,PRE
bad connection sebab hubung pendek arcing picu buruk kondisi batere mekanisme pelihara batere kontrol samping dapat instalasi material kabel connector yang tidak sesuai standar practice industry,UA
dasar hasil investigasi analisis simpul sebab jadi celaka tabrak muka mobil elf belakang truk tronton rear end kemudi mobil elf laku jalan brebes tanjung priok jakarta lama jam istirahat tempat tuju istirahat lebih jam tahu giat jalan pulang brebes celaka kemudi kendara mobil lebih jam ada istirahat mobil elf lewat jalan tol cikopopalimanan kma kemudi alami microsleep ini lihat slip roda depan side slip mobil elf mobil elf gerak arah samping kendara jalan lurus perlahan cepat kendara tidak kurang,PRE
fatalitas korban jadi lokasi mobil bus guling jalan raya bypass cicalengka flyover lintas bawah jalan desa tepi ambang kam jalan pasang pagar kam pasang patok dapat deret pohon besar super structure mobil bus dapat tahan survival space tidak pasang sabuk selamat di semua kursi tumpang,PRE
hasil investigasi simpul celaka oleh tata cara dari sisi kiri guna bahu jalan tabrak guardrail masuk parit,UA
fatalitas korban celaka akibat superstructure mobil bus mampu tahan mobil bus alami bentur atap kendara kursi kendara lepas tidak sabuk selamat kursi tumpang hingga tumpang lempar mobil bus guling,PRE
dasar hasil investigasi analisis simpul sebab truk tronton luncur tak kendali bentang turun jadi tabrak untun gagal lambat kondisi jalan turun panjang curam cenderung paksa jalan laku rem rem utama berkalikali awal teknik rem mesin engine braking akibat sedia udara tangki tip fluida dorong master cylinder kampas rem gesek muka tromol kurang tenaga perilaku kurang terampil tindak risiko tinggi justru terkadang sadar bahkan anggap bagai biasa pola pikir attitude biasa behaviour sangat bahaya bisa akibat fatal bila dukung paham hadap selamat lebih muat gvwjbb dari jbi jadi faktor kontribusi jadi celaka,UA
dasar hasil investigasi analisis simpul sebab truk tronton luncur tak kendali bentang turun jadi tabrak untun gagal lambat kondisi jalan turun panjang curam cenderung paksa jalan laku rem rem utama berkalikali awal teknik rem mesin engine braking akibat sedia udara tangki tip fluida dorong master cylinder kampas rem gesek muka tromol kurang tenaga perilaku kurang terampil tindak risiko tinggi justru terkadang sadar bahkan anggap bagai biasa pola pikir attitude biasa behaviour sangat bahaya bisa akibat fatal bila dukung paham hadap selamat lebih muat gvwjbb dari jbi jadi faktor kontribusi jadi celaka,PRE
faktor manusia mana kemudi milik skill alam cukup kemudi mobil bus sebab ketidaksesuaian saat kemudi pada medan jalan ekstrem,UA
hasil investigasi simpul sebab jadi celaka gagal sistem rem mobil bus jelang lokasi jadi celaka sebab tipis kampas rem aus muka tromol akibat mobil bus laju cepat tinggi lalu turun curam tidak mampu belok lewat tikung jembatan sipegepege,UA
fatalitas tinggi korban celaka oleh dapat sabuk selamat tiap kursi tumpang lepas kursi mobil bus duduk akibat korosi parah mobil bus akibat tumpang mobil bus lempar mobil bus jatuh sungai,PRE
dasar hasil investigasi analisis simpul sebab jadi celaka human factor mana kemudi alami lelah luar biasa sebab fenomena microsleep kemudi kendara jalan tol akibat terlampuainya batas waktu kemudi bagaimana atur atur undang ada uu nomor tahun ketenagakerjaan uu nomor tahun llaj,PRE
sedang sebab fatalitas korban desain pagar kam jalan tiang tengah jembatan tiang pju jalan tol kurang forgive mungkin kendara motor masuk celah pagar tabrak tiang tengah jembatan tiang pju,PRE
dasar investigasi simpul sebab jadi celaka ada mobil tumpang laku siap kendara di tikung dapat marka utuh kurang cepat mobil bus kondisi kritis hanya rem bantu retarder tindak antisipasi mobil bus hindar tabrak arah kendara lajur lawan arah akibat mobil bus mobil tumpang mampu antisipasi gera masingmasing jadi saat kondisi kritis tabrak frontal dua mampu hindar,UA
celaka jadi akibat ada koordinasi pt dewi sri putra bagai transpotir pihak kontraktor dalam ini pt giri bangun sentosa pt tjakrindo kait standar operasional prosedur cara tulis area proyek utama perihal keluar masuk kendara lintas lintas bidang area proyek,PRE
celaka untun awal celaka tunggal dump truck tumpah batu split badan jalan dump truck bawa muat lebih besar ton sekitar,UA
dasar hasil investigasi analisis simpul sebab mobil elf guling ketidakmampuan kenal kelola potensi bahaya risiko lewat jalan turun panjang curam turun sd kemudi turun cepat cara injak pedal rem utama terus terus tidak laku engine breaking efek rem kurang potensi fenomena vapor lock akibat mobil elf guling saat kemudi aktif rem parkir cara penuh tikung gabung balik arah,PRE
dasar hasil investigasi analisis simpul sebab mobil elf guling ketidakmampuan kenal kelola potensi bahaya risiko lewat jalan turun panjang curam turun sd kemudi turun cepat cara injak pedal rem utama terus terus tidak laku engine breaking efek rem kurang potensi fenomena vapor lock akibat mobil elf guling saat kemudi aktif rem parkir cara penuh tikung gabung balik arah,UA
dasar hasil investigasi analisis simpul sebab jadi celaka putus tetap operasi bus alami bocor konektor selang udara rem utama belakang kanan baik selamat cara potong selang thermoplastic cepat awal bus rang akibat bus luncur kendali guling turun emen,UA
fatalitas korban jadi tidak pasang sabuk selamat seluruh kursi mobil bus akibat mobil bus guling tumpang belah kiri timpa tumpang belah kanan akibat kaca jendela pecah seret jalan,PRE
fatalitas korban jadi tidak pasang sabuk selamat seluruh kursi mobil bus akibat mobil bus guling tumpang belah kiri timpa tumpang belah kanan akibat kaca jendela pecah seret jalan,UA
hasil investigasi simpul celaka oleh kemudi alami lelah ini akibat kemudi hilang kendali dahulu kendara depan tabrak mobil truk laju arah yang lawan itu pick up sesuai untuk,PRE
hasil investigasi simpul celaka oleh kemudi alami lelah ini akibat kemudi hilang kendali dahulu kendara depan tabrak mobil truk laju arah yang lawan itu pick up sesuai untuk,UA
fatalitas tinggi korban celaka akibat kendara guna bukan untuk angkut tumpang,UA
hasil investigasi simpul jadi celaka sebab bakar kampas rem akibat percik api akumulasi temperatur tinggi tromol roda kanan sumbu kereta tempel akumulasi temperatur jadi gesek kampas rem lengket akibat overheat tromol rem operasi kendara lebih jam rit pertama gesek paku keling tromol jadi rit akhir bakar kampas rem akibat ban letus bakar ban sebut alami pyrolysis,UA
hasil investigasi simpul celaka oleh mobil bus saling dan laju cepat lebih batas cepat maksimal kota kmjam perawatanperbaikan kendara tidak optimal,UA
dasar hasil investigasi analisis simpul sebab jadi celaka kemudi mobil pick up mampu kendali kendara lengah dampak ubah arah kemudi masuk jalur lawan,PRE
sedang sebab fatalitas korban guna mobil barang angkut tumpang lengkap fasilitas selamat pada upa tempat duduk tempat pegang tangan bagaimana atur pp nomor tahun,UA
celaka jadi ketidakmampuan kemudi mobil bus henti kendaraaan turun flyover pada ujung utara dapat antri kendara arah lawan kemudi pilih arah kendara kiri tabrak pejal kaki terjun sawah,UA
hasil investigasi simpul celaka oleh kemudi alami lelah kurang ramburambu lalu lintas terang jalan akibat kemudi hilang kendali dahulu truk engkel tabrak mobil bus arah lawan,PRE
fatalitas tinggi korban celaka akibat air bag zona tabrak tidak tepat kena crash protection box beda tinggi mobil bus mobil tumpang tumpang tidak sabuk selamat,UA
fatalitas tinggi korban celaka akibat air bag zona tabrak tidak tepat kena crash protection box beda tinggi mobil bus mobil tumpang tumpang tidak sabuk selamat,PRE
fatalitas kemudi guna jalan lain oleh jadi korosi parah seluruh rangkai head tractor kereta tempel akibat kurang survival space kabin kemudi truk semi trailer guling lempar kontainer rangka landas timpa warungwarung duduk ada bahu jalan,PRE
fatalitas jadi jalan kertanegara desa giri moyo camat karang ploso kabupaten malang jawa timur rupa daerah toko mukim gudang dapat beberapa akses jalan lingkung fungsi jalan kolektor primer ini akibat kondisi lalu lintas campur bagai jenis kendara,PRE
dasar hasil investigasi analisis simpul sebab jadi celaka persepsi kemudi truk tronton posisi kendara tikung lewat marka tengah lebar bak muat overdimension akibat ruang jalur mobil bus kurang mana dapat antisipasi mobil bus gerak cepat ratarata di atas kmjam bentur dua kendara elak,UA
dasar hasil investigasi simpul jadi celaka oleh jam kerja kemudi lebih jam kerja kondisi kemudi ada sakit akibat kemudi alami lelah turun daya motorik tubuh akibat kemudi ruas jalan cekik batas kota negara kemudi dapat kendali kendara tambah ada potensi rollover mobil bus sedang isuzu elf nhr cukup tinggi akibat kendara guling tabrak dapat hindar,UA
dasar hasil investigasi simpul jadi celaka oleh jam kerja kemudi lebih jam kerja kondisi kemudi ada sakit akibat kemudi alami lelah turun daya motorik tubuh akibat kemudi ruas jalan cekik batas kota negara kemudi dapat kendali kendara tambah ada potensi rollover mobil bus sedang isuzu elf nhr cukup tinggi akibat kendara guling tabrak dapat hindar,PRE
hasil investigasi simpul jadi celaka sebab ada perbedaaan perangkat selamat sistem rem kendara tarik kereta tempel tangki sistem rem hino fm jd head tractor lengkap teknologi antilock brake system abs sedang sistem rem trailer tangki lengkap teknologi abs jadi rem dadak gera bagi head tractor kereta tempel jadi selaras roda head tractor slip rem kunci sedang roda kereta tempel kunci teknologi abs lanjut laju gera kendara baik head tractor maupun kereta tempel jadi kendali,UA
dasar hasil investigasi analisis simpul sebab jadi celaka mobil bus rawat cara kala sistem rem gerak kopling sistem pindah daya kerja optimal ini akibat mobil bus cepat tinggi lewat jalan turun curam dengan tikung tajam,PRE
fatalitas tambah pasang sabuk selamat tiap kursi tumpang karena tidak sempurna desain pasang pagar kam jalan,PRE
celaka jadi akibat tugas jpl lambat antisipasi datang kereta belum pintu lintas tutup sirine bunyi kendara masuk dalam lintas lanjut kemudi sudah ada di lintas alami turun situation awareness factor akibat panik sebab ambil putus keliru dampak mati mesin kendara tepat atas rel,PRE
celaka jadi akibat tugas jpl lambat antisipasi datang kereta belum pintu lintas tutup sirine bunyi kendara masuk dalam lintas lanjut kemudi sudah ada di lintas alami turun situation awareness factor akibat panik sebab ambil putus keliru dampak mati mesin kendara tepat atas rel,UA
fatalitas korban rendah tahan tubruk mobil bus khusus bagi pintu belakang lepas saat jadi tabrak tidak lengkap tempat duduk tumpang sabuk kam,PRE
hasil investigasi simpul jadi celaka sebab pilih rute alternatif jarak tempuh lebih panjang banding rute normal ketidakpahaman baca indikator tekan angin ada dashboard akibat operasi kendara laku cara kurang selamat terburuburu jadi ketidaktepatan laku tindak lambat jalan turun panjang mobil bus keluar jalur tikung lokasi jadi celaka,UA
fatalitas tinggi korban celaka akibat tidak sedia sabuk kam kursi tumpang,PRE
hasil investigasi simpul jadi celaka ketidakstabilanolengnya gera mobil pickup jelang lokasi jadi celaka kempis ban kanan belakang muat mobil pickup orang tumpang overcapacity posisi diri bak muat kempis ban sebab oleh rusak ban akibat lintas bahu batu kerikil tajam tambal lubang tambal tidak standar lanjut gera mobil pickup tidak kendali sebab mobil pickup tabrak dinding tanah guling,UA
fatalitas tinggi korban celaka akibat guna mobil barang angkut orang perhati standar selamat unsur crashworthiness tumpang banyak lempar tindih mobil pickup celaka jadi,UA
perilaku kemudi mati mesin kendara atur posisi tuas pindah dayapersneling ada roda gigi netral jalan turun ekstrim lokasi tabrak awal kendara laju cepat sulit kendali,UA
hasil investigasi temu celaka jadi akibat truk cpo parkir tikung jalan pasang segitiga kam lampu isyarat bahu jalan lebar bawah standar ini akibat kemudi mobil bus po makmur mampu antisipasi ambil lajur lawan arah hindar truk sebut saat sama arah lawan muncul mobil bus fa bangun semesta pt als tabrak dapat hindar,PRE
hasil investigasi temu celaka jadi akibat truk cpo parkir tikung jalan pasang segitiga kam lampu isyarat bahu jalan lebar bawah standar ini akibat kemudi mobil bus po makmur mampu antisipasi ambil lajur lawan arah hindar truk sebut saat sama arah lawan muncul mobil bus fa bangun semesta pt als tabrak dapat hindar,UA
jadi fatalitas tinggi oleh korosi jadi mobil po makmur bus fa bangun semesta parah kurang survival space guna kaca bukan safety glass mobil bus po makmur mobil bus fa bangun semesta,PRE
kemudi mobil bus kemudi kendara kurang hitung cepat kondisi jalan basah jalan tikung muat tumpang penuh tinggi kendara,PRE
kemudi mobil bus kemudi kendara kurang hitung cepat kondisi jalan basah jalan tikung muat tumpang penuh tinggi kendara,UA
kemudi bus operasi kendara lama hari berturutturut ini tunjuk waktu kerja kemudi lebih waktu kerja tentu baik undangundang ketenagakerjaan maupun undangundang lalu lintas angkut jalan durasi kemudi panjang kontraksi otot statis dampak tingkat tekan buluh darah ruas jalan tol cikopopalimanan lurus datar buat kemudi alami bosan halusinasi kemudi ini akibat kemudi alami hilang sadar microsleep turun daya konsentrasi reaksi,UA
kemudi bus operasi kendara lama hari berturutturut ini tunjuk waktu kerja kemudi lebih waktu kerja tentu baik undangundang ketenagakerjaan maupun undangundang lalu lintas angkut jalan durasi kemudi panjang kontraksi otot statis dampak tingkat tekan buluh darah ruas jalan tol cikopopalimanan lurus datar buat kemudi alami bosan halusinasi kemudi ini akibat kemudi alami hilang sadar microsleep turun daya konsentrasi reaksi,PRE
jumlah tempat duduk mobil bus sesuai kartu uji tumpang masuk kemudi sedang nyata mobil bus isi tumpang masuk kemudi jumlah tumpang lebih kapasitas mobil bus kurang efektifitas rem kendara,UA
mobil truk muat lebih daya angkut diijinkan kemudi cepat kira atas kmjam hasil cctv ruas jalan lokasi jadi celaka miring cukup ekstrim sebab kendara sulit lambat,UA
celaka lelah kemudi kemudi kendara jarak jauh waktu tempuh lama tidak kemudi cadang,PRE
jumlah waktu istirahat kemudi waktu kerja atur jelas pt tenaga inti global selaku operator sebut pengaruh sistem manajemen angkut,UA
jumlah waktu istirahat kemudi waktu kerja atur jelas pt tenaga inti global selaku operator sebut pengaruh sistem manajemen angkut,PRE
lebar jalan meter lalu lintas padat cuaca malam hari tidak hujan lurus picu kemudi kemudi kendara cepat tinggi antuk,PRE
mampu terampil kemudi hadap paham respon kemudi hadap kondisi lingkung masih kurang kemudi dapat antisipasi situasi kritis kemudi mampu hindar pohon tumbang,PRE
mampu terampil kemudi hadap paham respon kemudi hadap kondisi lingkung masih kurang kemudi dapat antisipasi situasi kritis kemudi mampu hindar pohon tumbang,UA
mungkin psikologisemosi kemudi pengaruh kondisi lalu lintas alami sebelumya di indikasi waktu berangkat depok pukul wib tiba di cimacan lokasi celaka pukul wib waktu tempuh depok cimacan lama jam anggap lama ketika peluang jalan lebih bebas kemudi bus cenderung pacu bus lebih tinggi,PRE
kemudi bus pariwisata milik po fajar transport kemudi kendara cepat tinggi kurang kuasa kondisi kendara saat lewat daerah tempat jadi bekas jejak ban tempat jadi tahu posisi akhir pindah gigi cepat versneleng rusa kendara akibat bentur keras bagi depan bus cepat tinggi jadi celaka kemudi bus pariwisata milik po fajar transport tiba tiba bisa henti laju kendara saat bus tabrak kendara pertama ada depan kendara angkut kota warna hijau nomor polisi t tf duga kemudi kurang kuasa kondisi kendaraaan ada jalan,UA
teliti wawancara laku tahu kemudi sangkut kurang milik alam terampil hadap kondisi darurat utama kendara bakar,UA
waktu kerja kemudi sejak muat barang berangkat surabaya ke lamongan jam istirahat lama jam ada lalu lintas macet total dasar atur perintah nomor tahun kendara kemudi pasal atur waktu istirahat waktu kerja kemudi kendara umum delapan jam hari kemudi kendara lama empat jam berturutturut beri istirahat sekurangkurangnya tengah jam dasar pasal usaha angkut umum operasi kendara lebih waktu bagaimana maksud sedia kemudi ganti usaha angkut umum laku ganti kemudi kemudi ganti telah jangka waktu bagaimana maksud,UA
waktu kerja kemudi sejak muat barang berangkat surabaya ke lamongan jam istirahat lama jam ada lalu lintas macet total dasar atur perintah nomor tahun kendara kemudi pasal atur waktu istirahat waktu kerja kemudi kendara umum delapan jam hari kemudi kendara lama empat jam berturutturut beri istirahat sekurangkurangnya tengah jam dasar pasal usaha angkut umum operasi kendara lebih waktu bagaimana maksud sedia kemudi ganti usaha angkut umum laku ganti kemudi kemudi ganti telah jangka waktu bagaimana maksud,PRE
simpul mungkin probable cause jadi peristiwa celaka sumber faktor manusia kelelahanfatique akibat lalai ketidakcakapan lalu lintas jalan utama hadap situasi kritis datang cara tibatiba kondisi teknis layak jalan kendara guna ban ukur merk beda alur ban penuh syarat teknis minimal mm pada saat laku rem cara dadak kendara dapat henti cara sempurna cengkraman ban hadap muka jalan bagusburuk,UA
simpul mungkin probable cause jadi peristiwa celaka sumber faktor manusia kelelahanfatique akibat lalai ketidakcakapan lalu lintas jalan utama hadap situasi kritis datang cara tibatiba kondisi teknis laik jalan kendara guna ban ukur merk beda alur ban penuh syarat teknis minimal mm pada saat laku rem cara dadak kendara dapat henti cara sempurna cengkraman ban hadap muka jalan bagusburuk,UA
simpul mungkin probable cause jadi peristiwa celaka sumber faktor manusia kelelahanfatique akibat lalai ketidakcakapan lalu lintas jalan utama hadap situasi kritis datang cara tibatiba kondisi teknis laik jalan kendara guna ban ukur merk beda alur ban penuh syarat teknis minimal mm pada saat laku rem cara dadak kendara dapat henti cara sempurna cengkraman ban hadap muka jalan bagusburuk,PRE
demikian simpul mungkin probable cause jadi peristiwa celaka sumber faktor sesuai klas jalan kendara motor guna kendara motor muat begitu banyak sesuai jalan desa klasnya rendah,UA
mungkin probable cause jadi peristiwa celaka sumber ada gagal kendali kendara sebab kondisi fisik kemudi antuk cepat tinggi dengan kondisi jalan licin tikung tajam ubah diameter roda kemudi lebih kecil ubah ukur roda lebih besar standar kondisi aspal jalan tanjak sedikit,UA
mungkin probable cause jadi peristiwa celaka sumber ada gagal kendali kendara sebab kondisi fisik kemudi antuk cepat tinggi dengan kondisi jalan licin tikung tajam ubah diameter roda kemudi lebih kecil ubah ukur roda lebih besar standar kondisi aspal jalan tanjak sedikit,PRE
kemudi mungkin alami lelah antuk turun sadar akibat sesuatu alami hal tidak penuh syarat utama kemudi mampu kemudi kendara wajar,PRE
tingkat waspada kemudi mampu antisipasi hadap medan jalan kurang ini bukti sangkut mampu hadap kondisi ubah cara dadak tidak mampu kendali kendara baik,PRE
tingkat waspada kemudi mampu antisipasi hadap medan jalan kurang ini bukti sangkut mampu hadap kondisi ubah cara dadak tidak mampu kendali kendara baik,UA
meski kemudi mobil bus milik alam kerja cukup tahu medan lintas lalu saat tanjak jelang tikung kiri kemudi usaha kendara di depan posisi aman kemudi patuh tata cara lalu lintas cantum dal pasal uu no tahun tiap orang guna jalan wajib patuh tetang syarat teknis laik jalan panik kemudi hadap masalah sebut tidak dapat kendali baik mobil bus yang luncur mundur tunjuk tingkat cakap kemudi sebut sangat kurang ini jadi faktor utama jadi celaka,PRE
meski kemudi mobil bus milik alam kerja cukup tahu medan lintas lalu saat tanjak jelang tikung kiri kemudi usaha kendara di depan posisi aman kemudi patuh tata cara lalu lintas cantum dal pasal uu no tahun tiap orang guna jalan wajib patuh tetang syarat teknis laik jalan panik kemudi hadap masalah sebut tidak dapat kendali baik mobil bus yang luncur mundur tunjuk tingkat cakap kemudi sebut sangat kurang ini jadi faktor utama jadi celaka,UA
hasil investigasi teliti tim knkt lokasi jadi wawancara pihak libat saksisaksi temu faktafakta bagai ikut a kemudi bus pacu kendara kejar waktu ingin segera di tempat tuju b mungkin kemudi milik sifat rasa oleh bangga manakala lolos suatu yang bahaya macam sifat angkuh sombong cenderung ugalugalan,PRE
tingkat waspada mahir kemudi kemudi kendara medan demikian golong cakap saat jadi mungkin kondisistamina kemudi lelah konsentrasi mampu antisipasi hadap mungkin dapat jadi sewaktuwaktu di luar duga dapat direspon cara baik ini kait cara erat kerja lebih batas jam kerja normal terlalu banyak lemburovertime akibat kurang waktu istirahat,PRE
tingkat waspada mahir kemudi kemudi kendara medan demikian golong cakap saat jadi mungkin kondisistamina kemudi lelah konsentrasi mampu antisipasi hadap mungkin dapat jadi sewaktuwaktu di luar duga dapat direspon cara baik ini kait cara erat kerja lebih batas jam kerja normal terlalu banyak lemburovertime akibat kurang waktu istirahat,UA
tiap hari kemudi operasi mobil barangdump truck angkut pekerjakaryawan usaha kebun sawit barakbarak tempat tinggal tuju lokasi kebun itu juga angkut alat kebun satu tempat tempat areal kebun sama ke tempattempat luar areal kebun jarak cukup jauh pihak manajemen pt maju aneka sawit atur jam kerja karyawannya cenderung beri bebas laku kerja lembur over time sisi upah sangkut oleh tambah cukup besar dari sisi kesehatanstamina karyawan beri dampak kurang baik sangkut milik waktu cukup istirahat stamina turun alami lelah dalam kondisi tubuh lelah sekira kemudi kendara mungkin timbul halhal yang tidak diinginkankecelakaan,PRE
hasil investigasi teliti tim knkt lokasi jadi wawancara pihak libat saksisaksi oleh temu faktafakta bagai ikut faktor manusia celaka sangat peran utama kemudi mobil tumpang carry lalai ketidakcakapan hitung jarak aman siap faktor manusia milik lemah hal hitung merespon antisipasi kondisi jadi cara cepat dadak faktor sarana jadi faktor jadi celaka faktor prasarana lingkung jadi faktor dukung kurang rambu ada lokasi jadi kondisi jalan lurus volume kendara rendah mana sering timbul suasana statis monoton demikian simpul mungkin probable cause jadi peristiwa celaka sumber dari faktor manusia yang milik lalai ketidakcakapan lalu lintas jalan,UA
kemudi mobil bus mungkin alami lelah antuk turun sadar akibat sesuatu alami hal tidak penuh syarat utama kemudi badan sehat dalam bugar,PRE
tingkat waspada mahir kemudi mobil bus hadap medan demikian golong cakap ini bukti sangkut mampu hadap kondisi ubah cara dadak tidak mampu kendali kendara baik,UA
tingkat waspada mahir kemudi mobil bus hadap medan demikian golong cakap ini bukti sangkut mampu hadap kondisi ubah cara dadak tidak mampu kendali kendara baik,PRE
kemudi kurang menguasaimengenal medan rute pandaan prigen,UA
demikian simpul mungkin probability cause jadi peristiwa celaka sumber tidak terampil cakap kemudi kemudi kendara utama hadap kondisi ekstrim datang cara tibatiba saat kritis kondisi teknis kendara tidak rawat cara baik kondisi geometrik jalan tidak layak lintas kendara angkut berat masuk hal kendaran motor mobil tarik rangkai semi trailer kereta tempel muat air minum kemas sebut,PRE
demikian simpul mungkin probability cause jadi peristiwa celaka sumber tidak terampil cakap kemudi kemudi kendara utama hadap kondisi ekstrim datang cara tibatiba saat kritis kondisi teknis kendara tidak rawat cara baik kondisi geometrik jalan tidak layak lintas kendara angkut berat masuk hal kendaran motor mobil tarik rangkai semi trailer kereta tempel muat air minum kemas sebut,UA
kemudi mobil bus kemudi cepat tinggi kurang berhatihati ini dari saksisaksi ada lokasi saat jadi rusak berat kendara mobil bus maupun kendara truk semi trailer jadi celaka human factor,UA
kondisi muka ruas jalan sama lokasi jadi celaka mana muka ruas jalan semarang kalong lebih tinggi banding kalong semarang tinggi median jalan tetap tidak ada tinggi akibat kendara arah semarang kalong dengan mudah pindah jalur arah lawan balik kendara lintas arah kalong semarang terima efek silau lampu kendara datang arah lawan,PRE
kurang rambu ingat kondisi geometri jalan turun maupun tanjak rambu batas cepat lampu terang jalan sangat minim jarak terlalu jauh satu lain pada malam hari kondisi ruas jalan gelap,PRE
kemudi tidak milik kompetensi sim kemudi kendara motor khusus kendara motor angkut berat peti kemas,UA
infrastruktur jalan rusak banyak lubang muat lebih overload ban roda depan kanan mobil bus isuzu pecah akibat masuk dalam lubang kendara oleng tabrak median jalan pindah jalur arah lawan celaka dapat hindar,PRE
kemudi tanggap terampil dalam hadap situasi kondisi ekstrem muncul cara tibatiba kendara mobil bus isuzu dalam jarak aman mobil bus isuzu ada depan sesuai atur pp tahun prasarana lalu lintas jalan pasal jarak kendara bunyi kemudi waktu ikut ada belakang kendara wajib jaga jarak kendara ada depan,UA
kemudi tanggap terampil dalam hadap situasi kondisi ekstrem muncul cara tibatiba kendara mobil bus isuzu dalam jarak aman mobil bus isuzu ada depan sesuai atur pp tahun prasarana lalu lintas jalan pasal jarak kendara bunyi kemudi waktu ikut ada belakang kendara wajib jaga jarak kendara ada depan,PRE
pasang bumper tambah standar mobil barang truk gandeng akibat korban alami kondisi sangat parah alami tingkat fatalitas tinggi sebut dengan pp tahun kendara kemudi pasal ayat bunyi bumper depan bagaimana maksud ayat boleh tonjol depan lebih cm lewat badan kendara paling depan,PRE
pasang bumper tambah standar mobil barang truk gandeng akibat korban alami kondisi sangat parah alami tingkat fatalitas tinggi sebut dengan pp tahun kendara kemudi pasal ayat bunyi bumper depan bagaimana maksud ayat boleh tonjol depan lebih cm lewat badan kendara paling depan,UA
demikian simpul mungkin probability cause jadi peristiwa celaka adalah sumber faktor manusia kemudi kendara cepat tinggi perhati kondisi prasarana kendara laju arah lawan tabrak dapat hindar,UA
demikian simpul mungkin probability cause jadi peristiwa celaka adalah sumber faktor manusia kemudi kendara cepat tinggi perhati kondisi prasarana lingkung begitu hadap nyata depan gundu tanah badan jalan longsor sangkut sempat ambil langkah langkah preventif hindar lubang sebut,UA
faktor manusia kemudi rupa faktor utama jadi celaka ini tahu waktu kerja lebih laku timbul lelah pengaruh hadap konsentrasi kemudi kendara itu perilaku kemudi yang tidak selamat kemudi zig zag tidak kendali kendara jadi tabrak,PRE
demikian simpul mungkin probability cause jadi peristiwa celaka adalah cara kemudi selamat kemudi zig zag kemudi mobil bus po sumber kencono kendara sepeda motor putar bukan tempat median jalan tinggi tidak standar,UA
demikian simpul mungkin probability cause jadi peristiwa celaka adalah geometri kondisi jalan tidak penuh syarat selamat kemudi mobil bus tidak cakap hadap ubah kondisi situasi dadak kritis,PRE
demikian simpul mungkin probability cause jadi peristiwa celaka adalah geometri kondisi jalan tidak penuh syarat selamat kemudi mobil bus tidak cakap hadap ubah kondisi situasi dadak kritis,UA
demikian simpul mungkin probability cause jadi peristiwa celaka sumber tidak taat kemudi mobil bus isuzu elf agml hadap atur lalu lintas lewat kendara dan lintas marka tengah garis utuh masuk jalur lawan akibat jadi tabrak,UA
demikian simpul mungkin probability cause jadi peristiwa celaka adalah sumber faktor manusia kemudi mobil bus po sinar jaya b tga kemudi kendara kurang waspada antuk lelah tidak cakap hadap kondisi kritis datang cara tiba tiba,UA
demikian simpul mungkin probability cause jadi peristiwa celaka adalah sumber faktor manusia kemudi mobil bus po sinar jaya b tga kemudi kendara kurang waspada antuk lelah tidak cakap hadap kondisi kritis datang cara tiba tiba,PRE
demikian simpul mungkin probability cause jadi peristiwa celaka adalah kemudi mobil bus kurang disiplin lalu lintas kurang berhatihati waspada kemudi kendara hasil kendali kendara saat kritis akibat mobil bus alami celaka terjun dalam jurang timbul korban jiwa,UA
demikian simpul mungkin probability cause jadi peristiwa celaka adalah cara kemudi kurang berhatihati kemudi tengok arah kiri kanan tingkat waspada terlalu lebih kapasitas muat kendara kurang familiar hadap lokasi sebut,UA
demikian simpul mungkin probability cause jadi peristiwa celaka adalah sumber kemudi mobil bus mitsubishi l pu kemudi kendara cepat tinggi sangkut alam milik sim surat izin kemudi nali medan rute lintas muat kendara lebih kapasitas tempat duduk pada hadap situasi kondisi kritis yang datang cara tiba tiba kemudi mampu cakap atas,UA
demikian simpul mungkin probability cause jadi peristiwa bakar adalah pasang lampu tambah terlalu banyak lampu akibat jadi beban arus listrik begitu besar lampau kapasitas kabel listrik guna akhir bakar kabel sekering pada mobil bus sebut lengkap mobil bus alat tanggap darurat muat barang masuk ban cadang dalam ruang tumpang tutup pintu keluar belakang ikat pintu tali tidak tanggap awak kendara hadap kondisi kritis akibat jatuh banyak korban,UA
demikian simpul sebab jadi celaka kondisi kemudi lelah fatigue akibat istirahat baik kemudi mobil bus cepat tinggi tidak mampu antisipasi hindar kondisi ekstrim hadap cara tibatiba ada gundu material upa pasir batu kerikil baik jalan tikung jalan tutup bahu badan jalan akibat ruang gerak kendara kurang lanjut ban depan kiri mobil bus naik lintas gundu akhir terjun masuk dalam jurang,PRE
demikian simpul mungkin probability cause jadi peristiwa celaka adalah sumber kendara sepeda motor putar perhati kondisi lalu lintas arah lawan kemudi mobil bus kemudi kendara cepat tinggi kurang waspada sigap tidak ambil putus tepat hadap situasi darurat,UA
demikian simpul mungkin probability cause jadi peristiwa celaka adalah sumber kendara sepeda motor putar perhati kondisi lalu lintas arah lawan kemudi mobil bus kemudi kendara cepat tinggi kurang waspada sigap tidak ambil putus tepat hadap situasi darurat,PRE
demikian simpul mungkin probability cause jadi peristiwa celaka adalah kemudi kendara kendara kurang berhatihati kurang waspada hadap kondisi jalan tanjak turun tikung kanan kiri jalan jurang kurang cakap hadap situasi kritis datang cara tibatiba,PRE
demikian simpul mungkin probability cause jadi peristiwa celaka adalah kemudi kendara kendara kurang berhatihati kurang waspada hadap kondisi jalan tanjak turun tikung kanan kiri jalan jurang kurang cakap hadap situasi kritis datang cara tibatiba,UA
demikian mungkin rangkai probable causes jadi peristiwa celaka adalah faktor lebih muat over load daya angkut normatif kemudi kemudi kendara cepat tinggi gagal kurang cepat kendara kurang fungsi sistem rem cara optimal panas lebih brake overheating kanvas rem tromol hilang daya rem loss brake power akibat kemudi mampu kendali kendara,UA
demikian mungkin rangkai probable causes jadi peristiwa celaka adalah kurang kenal familiar nya kemudi hadap rute sebut kondisi jalan rusak berat komponen kanvas rem tidak standar muat lebih kapasitas akibat sangkut kurang mampu atas kondisi kritis datang cara tibatiba,PRE
demikian mungkin rangkai probable causes jadi peristiwa celaka adalah kurang kenal familiar nya kemudi hadap rute sebut kondisi jalan rusak berat komponen kanvas rem tidak standar muat lebih kapasitas akibat sangkut kurang mampu atas kondisi kritis datang cara tibatiba,UA
demikian mungkin rangkai probable causes jadi peristiwa celaka karena fungsi sistem rem utama cara optimal cepat kendara cukup tinggi muat lebih kapasitas daya angkut kendara besar ada gaya sentrifugal kendara sulit kendali cenderung lari kanan akibat tabrak mobil tumpang suzuki futura datang arah lawan,UA
demikian simpul mungkin probability cause rangkai jadi celaka sebut kemudi alami lelah mobil bus tidak penuh syarat teknis laik jalan kondisi jalan geometri belok tanjak turun semak belukar pinggir jalan batas ruang bebas pandang kemudi tidak pagar kam tepi jalanjurang upa guard rail,PRE
demikian simpul mungkin probability cause rangkai jadi celaka sebut kemudi alami lelah mobil bus tidak penuh syarat teknis layak jalan kondisi jalan geometri belok tanjak turun semak belukar pinggir jalan batas ruang bebas pandang kemudi tidak pagar kam tepi jalanjurang upa guard rail,UA
demikian simpul mungkin probability cause rangkai jadi celaka sebut rem utama mobil bus fungsi malfungsi tidak lengkap perangkat rem parkir geometrik jalan cukup ekstrim upa jalan tanjak turun tikung kurang ramburambu ingat himbauan larang mulai jarak meter dan titik jadi celaka ketidakcakapan kemudi kemudi kendara utama saat hadap situasi kritis datang cara tibatiba,UA
demikian simpul mungkin probability cause rangkai jadi celaka sebut rem utama mobil bus fungsi malfungsi tidak lengkap perangkat rem parkir geometrik jalan cukup ekstrim upa jalan tanjak turun tikung kurang ramburambu ingat himbauan larang mulai jarak meter dan titik jadi celaka ketidakcakapan kemudi kemudi kendara utama saat hadap situasi kritis datang cara tibatiba,PRE
rangkai faktor kontribusi hadap mungkin jadi celaka sebut atas adalah kemudi mobil bus sudah capai usia senja waktu kerja kemudi per hari lebih batas waktu kerja per hari maksimal diijinkan geometri jalan cukup ekstrim alami rusa cukup parahaspal gelembung kelupas kondisi rem kendara kurang penuh syarat marka jalan bingung akibat kemudi megalami lambat ambil putus tepat hadap situasi kritis hadap cara tibatiba,UA
rangkai faktor kontribusi hadap mungkin jadi celaka sebut atas adalah kemudi mobil bus sudah capai usia senja waktu kerja kemudi per hari lebih batas waktu kerja per hari maksimal diijinkan geometri jalan cukup ekstrim alami rusa cukup parahaspal gelembung kelupas kondisi rem kendara kurang penuh syarat marka jalan bingung akibat kemudi megalami lambat ambil putus tepat hadap situasi kritis hadap cara tibatiba,PRE
demikian simpul mungkin probability cause rangkai jadi celaka sebut kondisi jalan nasional lebar m jalur arah cukup sulit kendara laku maneuvermenyiap kendara cepat lebih rendah ramburambu lalu lintas beri informasi lengkap kait situasi kondisi jalan pasang ramburambu lalulintas beri informasi ruas jalan sebut tidak ada tanda ingat segitiga kam kendara henti laku baik lelah kemudi tempuh jarak jauh kurang istirahat akibat kurang antisipasi ambil satu putus hadap kondisi ekstrim,PRE
hasil investigasi temu sebab jadi celaka kurang tidur kemudi malam penuh kemudi kendara akibat jadi turun konsentrasi ketidakstabilan emosi ketidaktepatan ambil putus turun reaksi tubuh kondisi kritis mobil bus overcapacity kemudi cepat lebih batas cepat tetap tidak kendali lewat tikung tajam highway ramp km tol jatingaleh akibat mobil hempas arah kanan keluar jalur ban kiri angkat mulai guling tabrak atas median jalan tepat bagi atas roda sisi kanan mobil bus lalu guling masuk jalur lawan akhir tabrak tebing,UA
hasil investigasi temu sebab jadi celaka kurang tidur kemudi malam penuh kemudi kendara akibat jadi turun konsentrasi ketidakstabilan emosi ketidaktepatan ambil putus turun reaksi tubuh kondisi kritis mobil bus overcapacity kemudi cepat lebih batas cepat tetap tidak kendali lewat tikung tajam highway ramp km tol jatingaleh akibat mobil hempas arah kanan keluar jalur ban kiri angkat mulai guling tabrak atas median jalan tepat bagi atas roda sisi kanan mobil bus lalu guling masuk jalur lawan akhir tabrak tebing,PRE
celaka jadi mobil bus fatigue alami awak kendara fatigue sebab oleh bagai faktor kurang istirahat awak kendara ada kondisi puasa usaha otobus tidak atur awas jam kerja awak kendara beda atur jam kerja kemudi atur dalam uu no th llaj uu no th ketenagakerjaan mungkin usaha otobus paksa jam kerja awak kendara lebih yang laku cara internasional,PRE
jadi fatalitas tinggi oleh jadi tumbu mobil bus tiang jpo kurang survival space akibat tumbu samping structural integrity kokoh superstructure uji crashworthinessnya hadap tumbu rollover korosi yag parah kurang survival space kaca bukan safety glass tingkat parah korban tambah akibat kursi kemudi tumpang baris depan lengkap safety belt sesuai tentu uu no tahun llaj,PRE
